id,title,org,event_date,programme_start,doors,arrival,end,timezone,format,venue,address,city,country,cost,booking_fees,age_restrictions,physical_accessibility,access,availability,cancellation,free_food_status,free_drinks_status,young_professionals_status,source_url,booking_url,source_urls,source_row_ids,verified_at,ideology,notes
"B2-RELATED-001","Post-Conference Political Bites in Uckfield","East Grinstead and Uckfield Constituency Conservatives","2026-10-08","TBC","2026-10-08T18:30:00+01:00","","2026-10-08T22:30:00+01:00","Europe/London","in_person","The Highlands Inn","Eastbourne Road, Ridgewood, Uckfield TN22 5SP","","","£20 per person; fees not stated","Unknown unless explicitly stated in price","Unknown unless explicitly stated in access","Unknown","Ticketed supper and discussion","Tickets are no longer available","Unknown; no refund or cancellation policy verified","Not positively confirmed","Not positively confirmed","Not positively confirmed","https://www.eastgrinsteadanduckfieldconservatives.org.uk/events/post-conference-political-bites-uckfield","https://www.tickettailor.com/checkout/view-event/id/8862938/chk/a64b1df482945193d855c177a03e7dd3/","https://www.eastgrinsteadanduckfieldconservatives.org.uk/events/post-conference-political-bites-uckfield | https://www.eastgrinsteadanduckfieldconservatives.org.uk/ | https://www.tickettailor.com/checkout/view-event/id/8862938/chk/a64b1df482945193d855c177a03e7dd3/","EH-176","2026-10-06T15:12:30.597086+00:00","Not classified","Related association discovery; do not attribute hosting to Conservative South East Region. Age/membership and cancellation terms not stated. | Arrivals from 18:30; programme start not stated; booking listing ends 22:30 | Arrival/doors time: 2026-10-08T18:30:00+01:00; distinct from programme start | Availability: Tickets are no longer available | Cancellation/refunds: Unknown; no refund or cancellation policy verified | Ideology not classified; affiliation does not establish the views of attendees or performers. Free food, free drinks and young-professional offers are unverified unless labelled."
"eh-030-2026-10-08-e148b21d7","Bingo (Ross Lions)","Ross-on-Wye Conservative Club","2026-10-08","TBC","","","Unknown","Europe/London","in_person","Ross-on-Wye Conservative Club","Hillsborough House, The Avenue, Ross-on-Wye HR9 5AW","Ross-on-Wye, Herefordshire","England","Unknown","Not stated","Unknown unless explicitly stated in access","Unknown","Check club for admission and guest rules","Advertised; ticket availability not verified","Not stated","Not positively confirmed","Not positively confirmed","Not positively confirmed","https://www.rossconclub.co.uk/ross-con-club-calendar/","","https://www.rossconclub.co.uk/ross-con-club-calendar/","EH-030","2026-10-06T15:09:31.207957+00:00","Not classified","Official calendar gives dates only; event start/end and price require confirmation. | Availability: Advertised; ticket availability not verified | Cancellation/refunds: Not stated | Price and any booking fees are unknown | Ideology not classified; affiliation does not establish the views of attendees or performers. Free food, free drinks and young-professional offers are unverified unless labelled."
"LUC-c3c6278ad36b","Solidarity beyond borders? The interaction between solidarity and EU citizenship","City St George's, University of London / Bayes Business School","2026-10-08","2026-10-08T17:00:00+01:00","","","2026-10-08T18:00:00+01:00","Europe/London","in_person","Room TG13, The City Law School","The City Law School, Sebastian Street, Northampton Square, London EC1V 0HB","","","Free","","","","Public; free registration advertised","","","Not positively confirmed","Not positively confirmed","Not positively confirmed","https://www.citystgeorges.ac.uk/news-and-events/events/2026/october/solidarity-beyond-borders-the-interaction-between-solidarity-and-eu-citizenship","https://cityunilondon.eu.qualtrics.com/jfe/form/SV_e9xkLw8kysqUK8u","https://www.citystgeorges.ac.uk/news-and-events/events/2026/october/solidarity-beyond-borders-the-interaction-between-solidarity-and-eu-citizenship","LU-C-005","2026-10-06T21:11:21.456004+00:00","law","Detail page local time used; index lists the same instant in GMT/UTC Free food, free drinks and young-professional offers are unverified unless labelled."
"LUE-92ea2bbd71a0","Policy & practice seminar: Europe at a crossroads","University College London (UCL)","2026-10-08","2026-10-08T18:15:00+01:00","","","2026-10-08T19:30:00+01:00","Europe/London","in_person","Gustave Tuck Lecture Theatre","Wilkins Building, South Wing, second floor, Gower Street, London, WC1E 6BT, United Kingdom","","","Free","","","","Open to All; Ticketed","","","Not positively confirmed","Not positively confirmed","Not positively confirmed","https://www.ucl.ac.uk/social-historical-sciences/events/2026/oct/policy-practice-seminar-europe-crossroads","https://www.eventbrite.co.uk/e/europe-at-a-crossroads-the-eu-in-a-changing-world-order-tickets-1998958067390?aff=oddtdtcreator","https://www.ucl.ac.uk/social-historical-sciences/events/2026/oct/policy-practice-seminar-europe-crossroads | https://www.ucl.ac.uk/events/all-events?ucl_audience%5BPublic%5D=Public&0=39&page=2","","2026-10-06T21:07:14.656067+00:00","foreign_policy","Registration destination linked by organiser; live ticket availability not independently checked. Seats are allocated first come, first served; registration does not guarantee a seat. Free food, free drinks and young-professional offers are unverified unless labelled."
"LUE-34dda15e9d7d","'No future' for transatlantic relations? Reflections in advance of the US mid-term elections","London School of Economics and Political Science (LSE)","2026-10-08","2026-10-08T18:30:00+01:00","","","2026-10-08T20:00:00+01:00","Europe/London","hybrid","PAN.G.01, Pankhurst House, Clement's Inn","","","","Free","","","","Public event; register using the organiser’s in-person or online attendance link","","","Not positively confirmed","Not positively confirmed","Not positively confirmed","https://www.lse.ac.uk/european-institute/events/2026-27/no-future-for-transatlantic-relations-reflections-in-advance-of-the-us-mid-term-elections","https://www.eventbrite.co.uk/e/no-future-for-transatlantic-relations-tickets-1995971442314?aff=oddtdtcreator","https://www.lse.ac.uk/european-institute/events/2026-27/no-future-for-transatlantic-relations-reflections-in-advance-of-the-us-mid-term-elections | https://www.lse.ac.uk/Events","","2026-10-06T21:07:40.564971+00:00","foreign_policy","Street address not independently verified; published campus venue retained. Attendance routes: Attend in-person: https://www.eventbrite.co.uk/e/no-future-for-transatlantic-relations-tickets-1995971442314?aff=oddtdtcreator | Attend online: https://lse.zoom.us/webinar/register/WN_SklxM06AS_GX7qs7yZ3leA. Free food, free drinks and young-professional offers are unverified unless labelled."
"LUE-b4bf8b275e4b","In conversation with Reni Eddo-Lodge","London School of Economics and Political Science (LSE)","2026-10-08","2026-10-08T18:30:00+01:00","","","2026-10-08T19:30:00+01:00","Europe/London","hybrid","Sheikh Zayed Theatre, Cheng Kin Ku Building","","","","Unknown","","","","Public event; register using the organiser’s in-person or online attendance link","","","Not positively confirmed","Not positively confirmed","Not positively confirmed","https://www.lse.ac.uk/events/black-history-month","https://lse360.my.site.com/events/s/event-signup?eId=a0iSq0000059DxdIAE","https://www.lse.ac.uk/events/black-history-month | https://www.lse.ac.uk/Events","","2026-10-06T21:07:40.564697+00:00","nonpartisan","Street address not independently verified; published campus venue retained. LSE programme is generally free; only event-specific confirmed free prices retained Registration page requires client-side rendering; live availability/price not independently exposed Attendance routes: Attend in-person: https://lse360.my.site.com/events/s/event-signup?eId=a0iSq0000059DxdIAE | Attend online: https://lselive.eckoenterprise.net/events/20261008/welcome. Free food, free drinks and young-professional offers are unverified unless labelled."
"LUE-899e8f7d0045","Cruel Speech: Sadism in Law, Literature and Politics","University College London (UCL)","2026-10-08","2026-10-08T19:00:00+01:00","","","2026-10-08T20:00:00+01:00","Europe/London","in_person","UCL Institute of Child Health","30 Guildford Street, London, WC1N 1EH, United Kingdom","","","Free","","","","Open to All","","","Not positively confirmed","Not positively confirmed","Not positively confirmed","https://www.ucl.ac.uk/laws/events/2026/oct/cruel-speech-sadism-law-literature-and-politics","https://ucl200-cruel-speech.eventbrite.co.uk","https://www.ucl.ac.uk/laws/events/2026/oct/cruel-speech-sadism-law-literature-and-politics | https://www.ucl.ac.uk/events/all-events?ucl_audience%5BPublic%5D=Public&0=39&page=2","LUE-UCL","2026-10-06T21:08:16.784620+00:00","law","Registration destination linked by organiser; live ticket availability not independently checked. Free food, free drinks and young-professional offers are unverified unless labelled."
"eh-020-2026-10-08-25e84119d","Club Bingo","Fairwater Conservative Club","2026-10-08","2026-10-08T19:30:00+01:00","","","Unknown","Europe/London","in_person","Fairwater Conservative Club","61 Ely Road, Llandaff, Cardiff CF5 2BY","Cardiff","Wales","Unknown","Not stated","Unknown unless explicitly stated in access","Unknown","Members and guests only","Advertised; ticket availability not verified","Not stated","Not positively confirmed","Not positively confirmed","Not positively confirmed","https://www.fairwatercons.co.uk/copy-of-club-events","","https://www.fairwatercons.co.uk/copy-of-club-events | https://www.fairwatercons.co.uk/","EH-020","2026-10-06T15:09:31.207957+00:00","Not classified","Each occurrence is explicitly dated in the official 2026 calendar. | Availability: Advertised; ticket availability not verified | Cancellation/refunds: Not stated | Price and any booking fees are unknown | Ideology not classified; affiliation does not establish the views of attendees or performers. Free food, free drinks and young-professional offers are unverified unless labelled."
"regional-2026-10-09-bramhall-social","Bramhall Conservatives Social","Bramhall Area Conservatives / Cheadle Conservatives","2026-10-09","TBC","","","2026-10-09T20:30:00+01:00","Europe/London","in_person","Rowan Drive (full address not published in page text)","","Bramhall","England","£11 total (£10 admission + £1 booking fee)","£1 booking fee included in £11 displayed ticket total","Not stated","Not stated","Guests explicitly welcome","Live official ticket shop offers General Admission at £11; no booking submitted","Not stated in checked sources","Not positively confirmed","Not positively confirmed","Not positively confirmed","https://www.cheadleconservatives.com/bramhallsocial","https://www.tickettailor.com/all-tickets/cheadleconservatives/","https://www.cheadleconservatives.com/bramhallsocial | https://www.cheadleconservatives.com/ | https://www.tickettailor.com/all-tickets/cheadleconservatives/","EH-055","2026-10-06T15:09:31.207957+00:00","Not classified","Organiser page says 19:00; official ticketing says 18:30–20:30. Start uses the live registration schedule but remains a published time conflict; 18:30 is NOT assumed to be doors | Street number, postcode, minimum age and accessibility details not published | Published calendar time: 2026-10-09T18:30:00+01:00; programme start is TBC | Availability: Live official ticket shop offers General Admission at £11; no booking submitted | Cancellation/refunds: Not stated in checked sources | Ideology not classified; affiliation does not establish the views of attendees or performers. Free food, free drinks and young-professional offers are unverified unless labelled."
"B3-2026-10-09-151b3e1d5d","Post-Conference Coffee Morning","Sandhurst Conservatives","2026-10-09","2026-10-09T10:00:00+01:00","","","Unknown","Europe/London","in_person","Private home; ask organiser for location","Little Sandhurst, England","Little Sandhurst","England","£5 per person; additional fees not stated","See price field where verified; otherwise not published/verified","Unknown unless explicitly stated in access","Not published in retrieved event details","Not published; check organiser before booking","Listed; live ticket availability not verified","No cancellation notice found in sources checked; live status remains subject to organiser confirmation","Not positively confirmed","Not positively confirmed","Not positively confirmed","https://www.bracknellconservatives.org.uk/events/post-conference-coffee-morning","https://www.bracknellconservatives.org.uk/events/post-conference-coffee-morning","https://www.bracknellconservatives.org.uk/events/post-conference-coffee-morning | https://www.bracknellconservatives.org.uk/events","EH-051 | EH-124","2026-10-06T15:09:31.207957+00:00","Not classified","Availability: Listed; live ticket availability not verified | Cancellation/refunds: No cancellation notice found in sources checked; live status remains subject to organiser confirmation | Ideology not classified; affiliation does not establish the views of attendees or performers. Private-home location omitted from this public calendar; ask organiser for details. Free food, free drinks and young-professional offers are unverified unless labelled."
"LUC-2a2f2ec84ad7","The Political Economy of Rwanda's Rise","SOAS University of London","2026-10-09","2026-10-09T17:30:00+01:00","","","2026-10-09T19:30:00+01:00","Europe/London","in_person","Alumni Lecture Theatre, SOAS Senate House (SALT)","Paul Webley Wing, Senate House, Malet Street, London WC1E 7HU","","","Free","","","","Public registration; booking required","","","Not positively confirmed","Not positively confirmed","Not positively confirmed","https://www.soas.ac.uk/about/event/political-economy-rwandas-rise","https://www.eventbrite.co.uk/e/book-launch-the-political-economy-of-rwandas-rise-tickets-2002766404228?aff=oddtdtcreator&keep_tld=true","https://www.soas.ac.uk/about/event/political-economy-rwandas-rise | https://www.eventbrite.co.uk/e/book-launch-the-political-economy-of-rwandas-rise-tickets-2002766404228?aff=oddtdtcreator&keep_tld=true","","2026-10-06T21:16:55.366719+00:00","nonpartisan","SOAS names Senate House (SALT), whereas the ticket listing uses a generic Thornhaugh Street postal address; follow the specifically named venue and confirm directions before attending. Free food, free drinks and young-professional offers are unverified unless labelled."
"LUE-8d7514817664","A LUTA CONTINUA: A Conversation on Art, Law and Constitutionalism","University College London (UCL)","2026-10-09","2026-10-09T17:30:00+01:00","","","2026-10-09T20:15:00+01:00","Europe/London","in_person","UCL Faculty of Laws","Bentham House, Endsleigh Gardens, London, WC1H 0EG, United Kingdom","","","£5.00; Free tickets available for UCL alumni, UCL Staff and UCL Students; booking fees not verified","","","","Open to All","","","Not positively confirmed","Not positively confirmed","Not positively confirmed","https://www.ucl.ac.uk/laws/events/2026/oct/luta-continua-conversation-art-law-and-constitutionalism","https://ucl_a_luta_continua.eventbrite.co.uk","https://www.ucl.ac.uk/laws/events/2026/oct/luta-continua-conversation-art-law-and-constitutionalism | https://www.ucl.ac.uk/events/all-events?ucl_audience%5BPublic%5D=Public&0=39&page=2","LUE-UCL","2026-10-06T21:08:16.799740+00:00","law","Published ticket price retained; checkout total and booking fees not verified. Registration destination linked by organiser; live ticket availability not independently checked. Organiser’s booking link returned a certificate-verification gateway error; no security warning was bypassed. Free food, free drinks and young-professional offers are unverified unless labelled."
"LUC-1a64ea818a15","Women’s Liberation in the UK: When the Personal Got Political (Booklaunch)","University of London / School of Advanced Study","2026-10-09","2026-10-09T17:30:00+01:00","","","2026-10-09T19:00:00+01:00","Europe/London","hybrid","Hybrid | Online-via Zoom & IHR Wolfson Room NB01, Basement, IHR, Senate House, Malet Street, London WC1E 7HU","Hybrid | Online-via Zoom & IHR Wolfson Room NB01, Basement, IHR, Senate House, Malet Street, London WC1E 7HU","","","Unknown","","","","All welcome; advance booking required","","","Not positively confirmed","Not positively confirmed","Not positively confirmed","https://www.sas.ac.uk/news-events/events/womens-liberation-uk-when-personal-got-political-booklaunch","https://sas.sym-online.com/registrationforms/ihrbooking_womens_history61063/","https://www.sas.ac.uk/news-events/events/womens-liberation-uk-when-personal-got-political-booklaunch","","2026-10-06T21:15:12.021757+00:00","nonpartisan","Free food, free drinks and young-professional offers are unverified unless labelled."
"B3-2026-10-09-4ea04db00e","Post Party Conference Cheese and Wine","West Suffolk Conservatives","2026-10-09","2026-10-09T18:00:00+01:00","","","Unknown","Europe/London","in_person","Heath Court Hotel","Heath Court Hotel, Moulton Road, Newmarket CB8 8DY","Newmarket","England","Free to members; raffle extra","See price field where verified; otherwise not published/verified","Unknown unless explicitly stated in access","Not published in retrieved event details","Members only; contact association for registration link","Listed; live ticket availability not verified","No cancellation notice found in sources checked; live status remains subject to organiser confirmation","Not positively confirmed","Not positively confirmed","Not positively confirmed","https://www.westsuffolkconservatives.com/events/post-party-conference-cheese-and-wine-0","https://www.westsuffolkconservatives.com/events/post-party-conference-cheese-and-wine-0","https://www.westsuffolkconservatives.com/events/post-party-conference-cheese-and-wine-0 | https://www.westsuffolkconservatives.com/","EH-102","2026-10-06T15:09:31.207957+00:00","Not classified","2026 detail confirmed through official indexed page; older 2025 listing not reused. | Availability: Listed; live ticket availability not verified | Cancellation/refunds: No cancellation notice found in sources checked; live status remains subject to organiser confirmation | Ideology not classified; affiliation does not establish the views of attendees or performers. Free food, free drinks and young-professional offers are unverified unless labelled."
"B3-2026-10-09-f972e853a6","Post-Conference Political Supper","Bracknell Conservatives","2026-10-09","2026-10-09T19:00:00+01:00","","","2026-10-09T21:45:00+01:00","Europe/London","in_person","Sandhurst Day Centre","Yorktown Road, Sandhurst","Sandhurst","England","£20 including main meal and dessert; additional fees not stated","See price field where verified; otherwise not published/verified","Unknown unless explicitly stated in access","Not published in retrieved event details","Members invited; booking by payment and email to the named organiser","Listed; live ticket availability not verified","No cancellation notice found in sources checked; live status remains subject to organiser confirmation","Not positively confirmed","Not positively confirmed","Not positively confirmed","https://www.bracknellconservatives.org.uk/events/post-conference-political-supper","https://www.bracknellconservatives.org.uk/events/post-conference-political-supper","https://www.bracknellconservatives.org.uk/events/post-conference-political-supper | https://www.bracknellconservatives.org.uk/events","EH-051","2026-10-06T15:09:31.207957+00:00","Not classified","Availability: Listed; live ticket availability not verified | Cancellation/refunds: No cancellation notice found in sources checked; live status remains subject to organiser confirmation | Ideology not classified; affiliation does not establish the views of attendees or performers. Free food, free drinks and young-professional offers are unverified unless labelled."
"nc-002-2026-10-09-a0eb7014b","Bowiesque – A Tribute to David Bowie","Black Rabbit Productions Presents – Bowiesque – A Tribute to David Bowie","2026-10-09","2026-10-09T20:00:00+01:00","2026-10-09T19:00:00+01:00","","2026-10-09T23:00:00+01:00","Europe/London","in_person","Lewes Con Club","139 High Street, Lewes, East Sussex BN7 1XS","Lewes","England","Unknown","Not stated","Unknown unless explicitly stated in access","Unknown","Members and non-members welcome; check event-specific age restrictions","Advertised; ticket inventory not verified","Check ticket seller; venue does not manage most promoter tickets","Not positively confirmed","Not positively confirmed","Not positively confirmed","https://www.lewesconclub.com/events/bowiesque-a-tribute-to-david-bowie/","https://www.seetickets.com/event/bowiesque/lewes-con-club/3598928","https://www.lewesconclub.com/events/bowiesque-a-tribute-to-david-bowie/ | https://www.lewesconclub.com/ | https://www.lewesconclub.com/contact/","NC-002","2026-10-06T15:09:31.207957+00:00","Not classified","Arrival/doors time: 2026-10-09T19:00:00+01:00; distinct from programme start | Availability: Advertised; ticket inventory not verified | Cancellation/refunds: Check ticket seller; venue does not manage most promoter tickets | Price and any booking fees are unknown | Ideology not classified; affiliation does not establish the views of attendees or performers. Free food, free drinks and young-professional offers are unverified unless labelled."
"eh-014-2026-10-10-9c69d16df","Two in Ten: UB40, reggae and ska tribute","Canvey Island Conservative Club","2026-10-10","TBC","","","Unknown","Europe/London","in_person","Canvey Island Conservative Club","Fielder House, 59 Long Road, Canvey Island SS8 0JA","Canvey Island, Essex","England","Unknown","Not stated","Unknown unless explicitly stated in access","Unknown","Check guest eligibility and booking with club","Advertised; ticket availability not verified","Not stated","Not positively confirmed","Not positively confirmed","Not positively confirmed","https://www.canveyislandconclub.co.uk/356011444","","https://www.canveyislandconclub.co.uk/356011444 | https://impro.usercontent.one/appid/oneComWsb/domain/canveyislandconclub.co.uk/media/canveyislandconclub.co.uk/onewebmedia/image1%20(1).jpeg | https://www.canveyislandconclub.co.uk/356011422","EH-014","2026-10-06T15:09:31.207957+00:00","Not classified","Poster displayed in official October 2026 programme. Ticket inventory not checked. | Availability: Advertised; ticket availability not verified | Cancellation/refunds: Not stated | Price and any booking fees are unknown | Ideology not classified; affiliation does not establish the views of attendees or performers. Free food, free drinks and young-professional offers are unverified unless labelled."
"nc-002-2026-10-10-3f18e8e4e","A Certain Ratio","Love Thy Neighbour Presents: A Certain Ratio","2026-10-10","TBC","2026-10-10T19:30:00+01:00","","2026-10-10T22:30:00+01:00","Europe/London","in_person","Lewes Con Club","139 High Street, Lewes, East Sussex BN7 1XS","Lewes","England","Unknown","Not stated","Unknown unless explicitly stated in access","Unknown","18+","Advertised; ticket inventory not verified","Check ticket seller; venue does not manage most promoter tickets","Not positively confirmed","Not positively confirmed","Not positively confirmed","https://www.lewesconclub.com/events/a-certain-ratio/","https://lovethyneighbour.seetickets.com/event/a-certain-ratio/lewes-con-club/3600026","https://www.lewesconclub.com/events/a-certain-ratio/ | https://www.lewesconclub.com/ | https://www.lewesconclub.com/contact/","NC-002","2026-10-06T15:09:31.207957+00:00","Not classified","Arrival/doors time: 2026-10-10T19:30:00+01:00; distinct from programme start | Availability: Advertised; ticket inventory not verified | Cancellation/refunds: Check ticket seller; venue does not manage most promoter tickets | Price and any booking fees are unknown | Ideology not classified; affiliation does not establish the views of attendees or performers. Free food, free drinks and young-professional offers are unverified unless labelled."
"eh-027-2026-10-10-a6a58c40b","Saturday Night Live Entertainment with Steve Cherelle","North Enfield Conservative Club","2026-10-10","TBC","","","2026-10-10T23:15:00+01:00","Europe/London","in_person","North Enfield Social Club, Main Bar and Main Hall","278 Baker Street, Enfield EN1 3LD","Enfield, London","England","Unknown","Not stated","Unknown unless explicitly stated in access","Unknown","Private members’ club; check guest eligibility and event booking","Advertised; ticket availability not verified","Not stated","Not positively confirmed","Not positively confirmed","Not positively confirmed","https://neccenfieldnorth.co.uk/events.php","","https://neccenfieldnorth.co.uk/events.php | https://neccenfieldnorth.co.uk/ | https://neccenfieldnorth.co.uk/contact.php","EH-027","2026-10-06T15:09:31.207957+00:00","Not classified","Public calendar time may include doors/opening; separate programme start not stated. | Published calendar time: 2026-10-10T18:00:00+01:00; programme start is TBC | Availability: Advertised; ticket availability not verified | Cancellation/refunds: Not stated | Price and any booking fees are unknown | Ideology not classified; affiliation does not establish the views of attendees or performers. Free food, free drinks and young-professional offers are unverified unless labelled."
"B1-013dabfe9bd4","Why does urban nihilism exist?","Birmingham Salon; Academy of Ideas / Battle of Ideas (satellite partner)","2026-10-10","2026-10-10T14:00:00+01:00","","","2026-10-10T15:30:00+01:00","Europe/London","in_person","Map Room, Cherry Red’s Café Bar","88–92 John Bright Street, Birmingham B1 1BN","","","£6.13 shown by Eventbrite; no refunds","Unknown unless explicitly stated in price","Unknown unless explicitly stated in access","Unknown","Separate event ticket required; festival ticket does not imply admission","InStock in ticket-source metadata","Unknown; no refund or cancellation policy verified","Not positively confirmed","Not positively confirmed","Not positively confirmed","https://www.battleofideas.org.uk/session/why-does-urban-nihilism-exist/","https://www.eventbrite.co.uk/e/why-does-urban-nihilism-exist-tickets-2001894094125?aff=oddtdtcreator&keep_tld=true","https://www.battleofideas.org.uk/session/why-does-urban-nihilism-exist/ | https://www.battleofideas.org.uk/strand/satellite-events/ | https://www.eventbrite.co.uk/e/why-does-urban-nihilism-exist-tickets-2001894094125?aff=oddtdtcreator&keep_tld=true","EH-039","2026-10-06T15:10:14.440427+00:00","Not classified","Availability: InStock in ticket-source metadata | Cancellation/refunds: Unknown; no refund or cancellation policy verified | Ideology not classified; affiliation does not establish the views of attendees or performers. Free food, free drinks and young-professional offers are unverified unless labelled."
"eh-017-2026-10-10-511949e6e","Trafalgar Night","Court Barn Conservative Club","2026-10-10","2026-10-10T18:00:00+01:00","","","2026-10-10T22:30:00+01:00","Europe/London","in_person","Court Barn Conservative Club, Lounge Bar","Court Barn Lane, Broom Way, Lee-on-the-Solent PO13 9NZ","Lee-on-the-Solent, Hampshire","England","Unknown","Not stated","Unknown unless explicitly stated in access","Unknown","Tickets required; black tie","Advertised; ticket availability not verified","Not stated","Not positively confirmed","Not positively confirmed","Not positively confirmed","https://courtbarn.co.uk/event/trafalgar-night/","","https://courtbarn.co.uk/event/trafalgar-night/ | https://courtbarn.co.uk/events/","EH-017","2026-10-06T15:09:31.207957+00:00","Not classified","Availability: Advertised; ticket availability not verified | Cancellation/refunds: Not stated | Price and any booking fees are unknown | Ideology not classified; affiliation does not establish the views of attendees or performers. Free food, free drinks and young-professional offers are unverified unless labelled."
"eh-021-2026-10-10-9ffb967e5","Chelsea Francis & Annika Rands Duo: 80s Classics","Felixstowe Conservative Club","2026-10-10","2026-10-10T20:00:00+01:00","","","2026-10-10T23:30:00+01:00","Europe/London","in_person","Felixstowe Conservative Club","28 High Road West, Felixstowe IP11 9JB","Felixstowe, Suffolk","England","Unknown","Not stated","Unknown unless explicitly stated in access","Unknown","Check membership and guest eligibility with organiser","Advertised; ticket availability not verified","Not stated","Not positively confirmed","Not positively confirmed","Not positively confirmed","https://www.felixstoweconservativeclub.org.uk/events/list/?tribe-bar-date=2026-10-06","","https://www.felixstoweconservativeclub.org.uk/events/list/?tribe-bar-date=2026-10-06 | https://www.felixstoweconservativeclub.org.uk/events/list/?tribe-bar-date=2026-02-12","EH-021","2026-10-06T15:09:31.207957+00:00","Not classified","Availability: Advertised; ticket availability not verified | Cancellation/refunds: Not stated | Price and any booking fees are unknown | Ideology not classified; affiliation does not establish the views of attendees or performers. Free food, free drinks and young-professional offers are unverified unless labelled."
"eh-016-2026-10-10-5d43e3021","Babalola","Cheadle Hulme Conservative Club","2026-10-10","2026-10-10T20:45:00+01:00","","","Unknown","Europe/London","in_person","Cheadle Hulme Conservative Club","Mellor Road, Cheadle Hulme SK8 5AT","Cheadle Hulme, Greater Manchester","England","Unknown","Not stated","Unknown unless explicitly stated in access","Unknown","Check membership and guest eligibility with organiser","Advertised; ticket availability not verified","Not stated","Not positively confirmed","Not positively confirmed","Not positively confirmed","https://www.cheadlehulmeconclub.org.uk/calendarofevents.html","","https://www.cheadlehulmeconclub.org.uk/calendarofevents.html | https://www.cheadlehulmeconclub.org.uk/whatshappening.html","EH-016","2026-10-06T15:09:31.207957+00:00","Not classified","Club warns that dates may change without notice. | Availability: Advertised; ticket availability not verified | Cancellation/refunds: Not stated | Price and any booking fees are unknown | Ideology not classified; affiliation does not establish the views of attendees or performers. Free food, free drinks and young-professional offers are unverified unless labelled."
"B1-cc094c9d9728","Free Speech Nation – studio audience","GB News","2026-10-11","TBC","2026-10-11T18:15:00+01:00","","Unknown","Europe/London","in_person","Studio adjacent to Paddington Station","London; precise venue on ticket","","","Free","Unknown unless explicitly stated in price","Unknown unless explicitly stated in access","Unknown","18+; apply for up to four tickets; randomly allocated; photo ID may be requested; ticket does not guarantee admission","Unknown; current ticket availability not verified","Unknown; no refund or cancellation policy verified","Not positively confirmed","Not positively confirmed","Not positively confirmed","https://www.sroaudiences.com/application.asp?show_id=460","https://www.sroaudiences.com/application.asp?show_id=460","https://www.sroaudiences.com/application.asp?show_id=460","EH-130","2026-10-06T14:52:23.078773+00:00","Not classified","Only authorised SRO ticketing source verified; all nine dates explicitly listed | Doors time is not programme start; start left TBC | Applications may be waitlisted; exact inventory not shown | Arrival/doors time: 2026-10-11T18:15:00+01:00; distinct from programme start | Availability: Unknown; current ticket availability not verified | Cancellation/refunds: Unknown; no refund or cancellation policy verified | Ideology not classified; affiliation does not establish the views of attendees or performers. Free food, free drinks and young-professional offers are unverified unless labelled."
"eh-030-2026-10-11-66f972081","Sunday Lunch","Ross-on-Wye Conservative Club","2026-10-11","TBC","","","Unknown","Europe/London","in_person","Ross-on-Wye Conservative Club","Hillsborough House, The Avenue, Ross-on-Wye HR9 5AW","Ross-on-Wye, Herefordshire","England","Unknown","Not stated","Unknown unless explicitly stated in access","Unknown","Check club for admission and guest rules","Advertised; ticket availability not verified","Not stated","Not positively confirmed","Not positively confirmed","Not positively confirmed","https://www.rossconclub.co.uk/ross-con-club-calendar/","","https://www.rossconclub.co.uk/ross-con-club-calendar/","EH-030","2026-10-06T15:09:31.207957+00:00","Not classified","Official calendar gives dates only; event start/end and price require confirmation. | Availability: Advertised; ticket availability not verified | Cancellation/refunds: Not stated | Price and any booking fees are unknown | Ideology not classified; affiliation does not establish the views of attendees or performers. Free food, free drinks and young-professional offers are unverified unless labelled."
"B1-7f5e07ce8484","Let’s meet in Edinburgh! Scottish Libertarian meetup","Scottish Libertarian Party","2026-10-11","2026-10-11T14:30:00+01:00","","","2026-10-11T17:00:00+01:00","Europe/London","in_person","The Caley Picture House JD Wetherspoon","31 Lothian Road, Edinburgh EH1 2DJ","","","No event price published; food/drinks not stated included","Unknown unless explicitly stated in price","Unknown unless explicitly stated in access","Unknown","Non-party members welcome","Unknown; current ticket availability not verified","Unknown; no refund or cancellation policy verified","Not positively confirmed","Not positively confirmed","Not positively confirmed","https://scottishlibertarians.com/event/lets-meet-in-edinburgh-81/","https://scottishlibertarians.com/event/lets-meet-in-edinburgh-81/","https://scottishlibertarians.com/event/lets-meet-in-edinburgh-81/ | https://scottishlibertarians.com/","EH-172","2026-10-06T14:52:23.078773+00:00","Not classified","Availability: Unknown; current ticket availability not verified | Cancellation/refunds: Unknown; no refund or cancellation policy verified | Ideology not classified; affiliation does not establish the views of attendees or performers. Free food, free drinks and young-professional offers are unverified unless labelled."
"eh-014-2026-10-11-eb8594c8b","Rev Toon","Canvey Island Conservative Club","2026-10-11","2026-10-11T15:00:00+01:00","","","Unknown","Europe/London","in_person","Canvey Island Conservative Club","Fielder House, 59 Long Road, Canvey Island SS8 0JA","Canvey Island, Essex","England","Unknown","Not stated","Unknown unless explicitly stated in access","Unknown","Check guest eligibility and booking with club","Advertised; ticket availability not verified","Not stated","Not positively confirmed","Not positively confirmed","Not positively confirmed","https://www.canveyislandconclub.co.uk/356011444","","https://www.canveyislandconclub.co.uk/356011444 | https://impro.usercontent.one/appid/oneComWsb/domain/canveyislandconclub.co.uk/media/canveyislandconclub.co.uk/onewebmedia/Slide240.JPG | https://www.canveyislandconclub.co.uk/356011422","EH-014","2026-10-06T15:09:31.207957+00:00","Not classified","Poster displayed in official October 2026 programme. Ticket inventory not checked. | Availability: Advertised; ticket availability not verified | Cancellation/refunds: Not stated | Price and any booking fees are unknown | Ideology not classified; affiliation does not establish the views of attendees or performers. Free food, free drinks and young-professional offers are unverified unless labelled."
"eh-020-2026-10-11-25e84119d","Club Bingo","Fairwater Conservative Club","2026-10-11","2026-10-11T19:30:00+01:00","","","Unknown","Europe/London","in_person","Fairwater Conservative Club","61 Ely Road, Llandaff, Cardiff CF5 2BY","Cardiff","Wales","Unknown","Not stated","Unknown unless explicitly stated in access","Unknown","Members and guests only","Advertised; ticket availability not verified","Not stated","Not positively confirmed","Not positively confirmed","Not positively confirmed","https://www.fairwatercons.co.uk/copy-of-club-events","","https://www.fairwatercons.co.uk/copy-of-club-events | https://www.fairwatercons.co.uk/","EH-020","2026-10-06T15:09:31.207957+00:00","Not classified","Each occurrence is explicitly dated in the official 2026 calendar. | Availability: Advertised; ticket availability not verified | Cancellation/refunds: Not stated | Price and any booking fees are unknown | Ideology not classified; affiliation does not establish the views of attendees or performers. Free food, free drinks and young-professional offers are unverified unless labelled."
"B3-2026-10-12-54c9043f30","Conservative Quiz Night","Bexhill and Battle Conservatives","2026-10-12","TBC","","","Unknown","Europe/London","in_person","Ash Tree Inn","","Ashburnham","England","Unknown","See price field where verified; otherwise not published/verified","Unknown unless explicitly stated in access","Not published in retrieved event details","Not published; check organiser before booking","Listed; live ticket availability not verified","No cancellation notice found in sources checked; live status remains subject to organiser confirmation","Not positively confirmed","Not positively confirmed","Not positively confirmed","https://www.bexhillandbattleconservatives.org.uk/","https://www.bexhillandbattleconservatives.org.uk/","https://www.bexhillandbattleconservatives.org.uk/","EH-049","2026-10-06T15:09:31.207957+00:00","Not classified","Dated on official homepage. Detail page and time could not be retrieved; cost, booking and access remain unverified. | Only one distinct official page was retrievable for this listing; further official detail checks were unsuccessful or unavailable. | Official indexed announcement confirms date and Ashburnham venue, but current direct homepage omits this event. Confirm with organiser before travel; live availability unknown. | Availability: Listed; live ticket availability not verified | Cancellation/refunds: No cancellation notice found in sources checked; live status remains subject to organiser confirmation | Price and any booking fees are unknown | Ideology not classified; affiliation does not establish the views of attendees or performers. Free food, free drinks and young-professional offers are unverified unless labelled."
"eh-027-2026-10-12-62233cc90","Age UK Mondays Fitness Over 50s","North Enfield Conservative Club","2026-10-12","TBC","","","Unknown","Europe/London","in_person","North Enfield Social Club, Main Hall","278 Baker Street, Enfield EN1 3LD","Enfield, London","England","Unknown","Not stated","Unknown unless explicitly stated in access","Unknown","Over 50s fitness class; booking/access conditions not stated","Advertised; ticket availability not verified","Not stated","Not positively confirmed","Not positively confirmed","Not positively confirmed","https://neccenfieldnorth.co.uk/events.php","","https://neccenfieldnorth.co.uk/events.php | https://neccenfieldnorth.co.uk/ | https://neccenfieldnorth.co.uk/contact.php","EH-027","2026-10-06T15:09:31.207957+00:00","Not classified","Calendar anomalously lists 20:30–23:15 for this fitness class while adjacent classes list 09:45–10:45. Time withheld pending confirmation. | Availability: Advertised; ticket availability not verified | Cancellation/refunds: Not stated | Price and any booking fees are unknown | Ideology not classified; affiliation does not establish the views of attendees or performers. Free food, free drinks and young-professional offers are unverified unless labelled."
"LUE-105453332d8e","Driving climate resilience with data and AI","London School of Economics and Political Science (LSE)","2026-10-12","2026-10-12T16:30:00+01:00","","","2026-10-12T18:00:00+01:00","Europe/London","in_person","Vera Anstey Room, Old Building","","","","Free","","","","Public event; advance registration required. This event is free and open to all. Spaces are limited so early registration is encouraged. Register  here .","","","Not positively confirmed","Not positively confirmed","Not positively confirmed","https://www.lse.ac.uk/global-school-of-sustainability/events-gsos/data-application-and-sustainability-a-discussion-with-dr-parag-khanna-and-others","https://www.eventbrite.co.uk/e/2002227895534?aff=oddtdtcreator","https://www.lse.ac.uk/global-school-of-sustainability/events-gsos/data-application-and-sustainability-a-discussion-with-dr-parag-khanna-and-others | https://www.lse.ac.uk/Events","","2026-10-06T21:07:40.565631+00:00","nonpartisan","Street address not independently verified; published campus venue retained. Registration destination linked by organiser; live ticket availability not independently checked. Attendance routes: Register: https://www.eventbrite.co.uk/e/2002227895534?aff=oddtdtcreator. Free food, free drinks and young-professional offers are unverified unless labelled."
"LUE-b9d9777b0938","Sustainable post-crisis development: the need for a human rights approach","London School of Economics and Political Science (LSE)","2026-10-12","2026-10-12T18:30:00+01:00","","","2026-10-12T20:00:00+01:00","Europe/London","hybrid","Sheikh Zayed Theatre, Cheng Kin Ku Building","","","","Unknown","","","","Public event; register using the organiser’s in-person or online attendance link","","","Not positively confirmed","Not positively confirmed","Not positively confirmed","https://www.lse.ac.uk/events/post-crisis-development","https://lse360.my.site.com/events/s/event-signup?eId=a0iSq0000059NfFIAU","https://www.lse.ac.uk/events/post-crisis-development | https://www.lse.ac.uk/Events","LUE-LSE","2026-10-06T21:07:40.566327+00:00","law","Street address not independently verified; published campus venue retained. LSE programme is generally free; only event-specific confirmed free prices retained Registration page requires client-side rendering; live availability/price not independently exposed Attendance routes: Attend in-person: https://lse360.my.site.com/events/s/event-signup?eId=a0iSq0000059NfFIAU | Attend online: https://lselive.eckoenterprise.net/events/20261012/welcome. Free food, free drinks and young-professional offers are unverified unless labelled."
"B1-eb3e05bcfbf3","The Free Speech Debate","The Spectator","2026-10-12","2026-10-12T19:00:00+01:00","2026-10-12T18:00:00+01:00","","2026-10-12T20:30:00+01:00","Europe/London","in_person","Westminster venue","Westminster, London; precise venue not given on detail page","","","£27.50–£37.50","Unknown unless explicitly stated in price","Unknown unless explicitly stated in access","Unknown","Advance booking; see event/ticket terms","Not stated","Unknown; no refund or cancellation policy verified","Not positively confirmed","Not positively confirmed","Not positively confirmed","https://events.spectator.co.uk/events/the-free-speech-debate","https://events.spectator.co.uk/events/the-free-speech-debate","https://events.spectator.co.uk/events/the-free-speech-debate | https://events.spectator.co.uk/","EH-131","2026-10-06T14:56:00.452369+00:00","Not classified","Live ticket inventory and final booking fees not independently verified | Arrival/doors time: 2026-10-12T18:00:00+01:00; distinct from programme start | Availability: Not stated | Cancellation/refunds: Unknown; no refund or cancellation policy verified | Ideology not classified; affiliation does not establish the views of attendees or performers. Free food, free drinks and young-professional offers are unverified unless labelled."
"B3-2026-10-12-9578b7d7a8","Drinks Reception with Kevin Hollinrake MP","Hampstead and Highgate Conservatives","2026-10-12","2026-10-12T19:30:00+01:00","2026-10-12T19:00:00+01:00","","2026-10-12T21:30:00+01:00","Europe/London","in_person","Private home; ask organiser for location","London, England","London","England","£30 members; £35 non-members; wine and nibbles included. Fees not stated.","See price field where verified; otherwise not published/verified","Unknown unless explicitly stated in access","Not published in retrieved event details","Members and non-members; RSVP required","Listed; live ticket availability not verified","No cancellation notice found in sources checked; live status remains subject to organiser confirmation","Not positively confirmed","Not positively confirmed","Not positively confirmed","https://www.hampsteadandhighgateconservatives.org.uk/events/drinks-reception-chairman-conservative-party-rt-hon-kevin-hollinrake-mp","https://www.hampsteadandhighgateconservatives.org.uk/events/drinks-reception-chairman-conservative-party-rt-hon-kevin-hollinrake-mp","https://www.hampsteadandhighgateconservatives.org.uk/events/drinks-reception-chairman-conservative-party-rt-hon-kevin-hollinrake-mp | https://www.hampsteadandhighgateconservatives.org.uk/events","EH-066","2026-10-06T15:09:31.207957+00:00","Not classified","Arrival 19:00 for 19:30; full address provided with ticket. | Arrival/doors time: 2026-10-12T19:00:00+01:00; distinct from programme start | Availability: Listed; live ticket availability not verified | Cancellation/refunds: No cancellation notice found in sources checked; live status remains subject to organiser confirmation | Ideology not classified; affiliation does not establish the views of attendees or performers. Private-home location omitted from this public calendar; ask organiser for details. Free food, free drinks and young-professional offers are unverified unless labelled."
"B1-d63785af47e9","The Next Generation with Baroness Fox of Buckley","Adam Smith Institute","2026-10-13","TBC","2026-10-13T18:00:00+01:00","","2026-10-13T20:00:00+01:00","Europe/London","in_person","Adam Smith Institute","23 Great Smith Street, London SW1P 3DJ","","","Free","Unknown unless explicitly stated in price","Unknown unless explicitly stated in access","Unknown","Exclusively under-35 s; registration; waiting list if capacity reached; registration subject to host approval","Request to join; host approval required","Unknown; no refund or cancellation policy verified","Not positively confirmed","Source-confirmed offer","Not positively confirmed","https://www.adamsmith.org/events/baroness-fox-of-buckley","https://luma.com/mt12b2pi","https://www.adamsmith.org/events/baroness-fox-of-buckley | https://www.adamsmith.org/events/ | https://luma.com/mt12b2pi","EH-190","2026-10-06T14:56:00.452369+00:00","Not classified","Calendar starts at 18:00 but body identifies this as doors; talk start not published | Refreshments/drinks explicitly advertised | Arrival/doors time: 2026-10-13T18:00:00+01:00; distinct from programme start | Availability: Request to join; host approval required | Cancellation/refunds: Unknown; no refund or cancellation policy verified | Ideology not classified; affiliation does not establish the views of attendees or performers. Free food, free drinks and young-professional offers are unverified unless labelled."
"B3-2026-10-13-4f3b88f6a3","A Guided Walk around historic St James’s with Peter Lawrence","St James’s branch, Cities of London and Westminster Conservatives","2026-10-13","2026-10-13T12:00:00+01:00","","","2026-10-13T13:45:00+01:00","Europe/London","in_person","Meet at Green Park station, park exit","Piccadilly, London W1J 9DZ","London","England","£35 standard; £25 Two Cities Young Conservatives; additional fees not verified. Optional lunch self-funded.","See price field where verified; otherwise not published/verified","Unknown unless explicitly stated in access","Not published in retrieved event details","Not published; check organiser before booking","Listed; live ticket availability not verified","No cancellation notice found in sources checked; live status remains subject to organiser confirmation","Not positively confirmed","Not positively confirmed","Not positively confirmed","https://tickets.twocitiesconservatives.org.uk/events/twocitiesconservatives/2380303","https://tickets.twocitiesconservatives.org.uk/events/twocitiesconservatives/2380303","https://tickets.twocitiesconservatives.org.uk/events/twocitiesconservatives/2380303 | https://www.twocitiesconservatives.org.uk/events/guided-walk-around-historic-st-jamess | https://tickets.twocitiesconservatives.org.uk/events/twocitiesconservatives","EH-058","2026-10-06T15:09:31.207957+00:00","Not classified","Detail describes walk lasting about 1.5–2 hours; booking index lists end 13:45. | Availability: Listed; live ticket availability not verified | Cancellation/refunds: No cancellation notice found in sources checked; live status remains subject to organiser confirmation | Ideology not classified; affiliation does not establish the views of attendees or performers. Free food, free drinks and young-professional offers are unverified unless labelled."
"london-lshtm-healthsystems-2026-10-13","The boy who could not travel: Childhood cancer, distance and the architecture of survival","London School of Hygiene & Tropical Medicine","2026-10-13","2026-10-13T12:15:00+01:00","","","2026-10-13T14:00:00+01:00","Europe/London","in_person","Manson Lecture Theatre, LSHTM","Keppel Street, London WC1E 7HT","","","Free","","","","Free and open to all; no registration required","","","Not positively confirmed","Not positively confirmed","Not positively confirmed","https://www.lshtm.ac.uk/newsevents/events/boy-who-could-not-travel-childhood-cancer-distance-and-architecture-survival","","https://www.lshtm.ac.uk/newsevents/events/boy-who-could-not-travel-childhood-cancer-distance-and-architecture-survival | https://www.lshtm.ac.uk/newsevents/events-feed","","2026-10-06T21:11:59.318469+00:00","nonpartisan","Free food, free drinks and young-professional offers are unverified unless labelled."
"LUE-1ec3c79ea298","The health of democracy in 2026","University College London (UCL)","2026-10-13","2026-10-13T13:00:00+01:00","","","2026-10-13T14:00:00+01:00","Europe/London","online","Online","","","","Free","","","","Open to All","","","Not positively confirmed","Not positively confirmed","Not positively confirmed","https://www.ucl.ac.uk/social-historical-sciences/events/2026/oct/health-democracy-2026","https://ucl.zoom.us/webinar/register/7817894898687/WN_MeYxqOEPSiKheymK2CGYRw","https://www.ucl.ac.uk/social-historical-sciences/events/2026/oct/health-democracy-2026 | https://www.ucl.ac.uk/events/all-events?ucl_audience%5BPublic%5D=Public&0=39&page=3","","2026-10-06T21:07:14.664349+00:00","nonpartisan","Registration destination linked by organiser; live ticket availability not independently checked. Free food, free drinks and young-professional offers are unverified unless labelled."
"eh-014-2026-10-13-4941bbbf4","Afternoon Tea with Elt: Elton John tribute","Canvey Island Conservative Club","2026-10-13","2026-10-13T14:00:00+01:00","","","Unknown","Europe/London","in_person","Canvey Island Conservative Club","Fielder House, 59 Long Road, Canvey Island SS8 0JA","Canvey Island, Essex","England","Members £20; non-members £22.50; £10 non-refundable deposit","Not stated","Unknown unless explicitly stated in access","Unknown","Member and non-member prices advertised","Advertised; ticket availability not verified","£10 non-refundable booking deposit","Not positively confirmed","Not positively confirmed","Not positively confirmed","https://www.canveyislandconclub.co.uk/356011444","","https://www.canveyislandconclub.co.uk/356011444 | https://impro.usercontent.one/appid/oneComWsb/domain/canveyislandconclub.co.uk/media/canveyislandconclub.co.uk/onewebmedia/13th%20Oct.jpg | https://www.canveyislandconclub.co.uk/356011422","EH-014","2026-10-06T15:09:31.207957+00:00","Not classified","Poster displayed in official October 2026 programme. Ticket inventory not checked. | Availability: Advertised; ticket availability not verified | Cancellation/refunds: £10 non-refundable booking deposit | Ideology not classified; affiliation does not establish the views of attendees or performers. Free food, free drinks and young-professional offers are unverified unless labelled."
"LUC-75a5f2be7e53","CSD Seminar: First Ladies of Authoritarianism","University of Westminster","2026-10-13","2026-10-13T17:00:00+01:00","","","2026-10-13T18:30:00+01:00","Europe/London","in_person","Westminster Forum, 5th floor","32–38 Wells Street, London W1T 3UW","","","Free","","","","Public Eventbrite registration","","","Not positively confirmed","Not positively confirmed","Not positively confirmed","https://www.westminster.ac.uk/events/csd-seminar-first-ladies-of-authoritarianism","https://www.eventbrite.co.uk/e/csd-seminar-first-ladies-of-authoritarianism-tickets-2002727470777?aff=oddtdtcreator","https://www.westminster.ac.uk/events/csd-seminar-first-ladies-of-authoritarianism | https://www.eventbrite.co.uk/e/csd-seminar-first-ladies-of-authoritarianism-tickets-2002727470777?aff=oddtdtcreator","","2026-10-06T21:17:30.318510+00:00","foreign_policy","Free food, free drinks and young-professional offers are unverified unless labelled."
"LUE-58dd458866fa","Shaping the future: Europe’s quest for technological leadership","London School of Economics and Political Science (LSE)","2026-10-13","2026-10-13T17:15:00+01:00","","","2026-10-13T18:45:00+01:00","Europe/London","in_person","LSE campus, venue tbc to ticketholders","","","","Free","","","","Free public event; one ticket request per person via ballot. Requests accepted until at least 7 October at 10:00 London time; allocation may be random if oversubscribed.","Ticket request ballot; one request per person; open until at least 2026-10-07 10:00 Europe/London; allocation is not guaranteed","","Not positively confirmed","Not positively confirmed","Not positively confirmed","https://www.lse.ac.uk/events/political-economy-1","https://lse360.my.site.com/events/s/event-signup?eId=a0iSq000005AT97IAG","https://www.lse.ac.uk/events/political-economy-1 | https://www.lse.ac.uk/Events","","2026-10-06T21:07:40.567155+00:00","nonpartisan","Exact campus venue will be confirmed to ticket holders. Registration page requires client-side rendering; live availability/price not independently exposed Attendance routes: Attend in-person: https://lse360.my.site.com/events/s/event-signup?eId=a0iSq000005AT97IAG. Free food, free drinks and young-professional offers are unverified unless labelled."
"LUC-6f71033eb237","Book talk: 'Monarchies of Extraction: The Gulf States in the Global Food System'","SOAS University of London","2026-10-13","2026-10-13T17:30:00+01:00","","","2026-10-13T19:00:00+01:00","Europe/London","in_person","R101, Main Building, SOAS","10 Thornhaugh Street, Russell Square, London WC1H 0XG","","","Free","","","","Public registration; booking required","","","Not positively confirmed","Not positively confirmed","Not positively confirmed","https://www.soas.ac.uk/about/event/book-talk-monarchies-extraction-gulf-states-global-food-system","https://forms.cloud.microsoft/e/vaHJ0C5WRc","https://www.soas.ac.uk/about/event/book-talk-monarchies-extraction-gulf-states-global-food-system","","2026-10-06T21:14:05.269771+00:00","nonpartisan","Free food, free drinks and young-professional offers are unverified unless labelled."
"LUE-5f398769e20c","Natural Property Rights (CUP, 2025)","University College London (UCL)","2026-10-13","2026-10-13T18:00:00+01:00","","","2026-10-13T19:30:00+01:00","Europe/London","in_person","UCL Faculty of Laws","London, WC1H 0EG, United Kingdom","","","Free","","","","Open to All; Pre-booking essential","","","Not positively confirmed","Not positively confirmed","Not positively confirmed","https://www.ucl.ac.uk/laws/events/2026/oct/natural-property-rights-cup-2025","https://www.eventbrite.co.uk/e/natural-property-rights-cup-2025-tickets-1999506935068?aff=oddtdtcreator","https://www.ucl.ac.uk/laws/events/2026/oct/natural-property-rights-cup-2025 | https://www.ucl.ac.uk/events/all-events?ucl_audience%5BPublic%5D=Public&0=39&page=3","LUE-UCL","2026-10-06T21:08:06.380005+00:00","law","Registration destination linked by organiser; live ticket availability not independently checked. Free food, free drinks and young-professional offers are unverified unless labelled."
"LUC-e893f7f63920","Professional Future-Thinking and European Future(s): Potential and Impact","King's College London","2026-10-13","2026-10-13T18:15:00+01:00","","","2026-10-13T20:00:00+01:00","Europe/London","in_person","2.03, Bush House","Strand campus, 30 Aldwych, London, WC2B 4BG","","","Free","","","","Public registration; advance booking required; tickets on sale when checked","on_sale","","Not positively confirmed","Not positively confirmed","Not positively confirmed","https://www.kcl.ac.uk/events/professional-future-thinking-and-european-futures-potential-and-impact","https://www.eventbrite.co.uk/e/professional-future-thinking-and-european-futures-potential-and-impact-tickets-2001877501496?aff=odcleoeventsincollection","https://www.kcl.ac.uk/events/professional-future-thinking-and-european-futures-potential-and-impact | https://www.eventbrite.co.uk/e/professional-future-thinking-and-european-futures-potential-and-impact-tickets-2001877501496","","2026-10-06T21:15:18.775747+00:00","foreign_policy","Free food, free drinks and young-professional offers are unverified unless labelled."
"LUE-0edce53e8c62","Solving homelessness through partnership: philanthropy, finance, and social entrepreneurship","London School of Economics and Political Science (LSE)","2026-10-13","2026-10-13T18:30:00+01:00","","","2026-10-13T20:00:00+01:00","Europe/London","in_person","Wolfson Theatre, Cheng Kin Ku Building","","","","Free","","","","Public event; advance registration required. Entry will be on a first come, first served basis for ticket holders. A ticket therefore does not guarantee entry.","","","Not positively confirmed","Not positively confirmed","Not positively confirmed","https://www.lse.ac.uk/marshall-institute/events/homelessness-and-evidence","https://www.eventbrite.ie/e/together-philanthropy-finance-and-cross-sector-partnership-tickets-1999661209507?aff=oddtdtcreator&keep_tld=true","https://www.lse.ac.uk/marshall-institute/events/homelessness-and-evidence | https://www.lse.ac.uk/Events","","2026-10-06T21:07:40.572416+00:00","nonpartisan","Street address not independently verified; published campus venue retained. Attendance routes: Register to attend: https://www.eventbrite.ie/e/together-philanthropy-finance-and-cross-sector-partnership-tickets-1999661209507?aff=oddtdtcreator&keep_tld=true. Free food, free drinks and young-professional offers are unverified unless labelled."
"LUE-4f6737abd982","The architecture of entrapment: From climate-induced (im)mobility to lawfare","University College London (UCL)","2026-10-13","2026-10-13T18:30:00+01:00","","","2026-10-13T21:00:00+01:00","Europe/London","in_person","Denys Holland Lecture Theatre","B31, Bentham House, 4-8 Endsleigh Gardens, London, WC1H 0EG, United Kingdom","","","Free","","","","Open to All; Ticketed and Pre-booking essential","","","Not positively confirmed","Not positively confirmed","Not positively confirmed","https://www.ucl.ac.uk/mathematical-physical-sciences/events/2026/oct/architecture-entrapment-climate-induced-immobility-lawfare","https://www.eventbrite.co.uk/e/the-architecture-of-entrapment-tickets-2000407399381","https://www.ucl.ac.uk/mathematical-physical-sciences/events/2026/oct/architecture-entrapment-climate-induced-immobility-lawfare | https://www.ucl.ac.uk/events/all-events?ucl_audience%5BPublic%5D=Public&0=39&page=3","LUE-UCL","2026-10-06T21:08:06.402192+00:00","law","End time appears in the official event calendar but is omitted from the event detail page. Registration destination linked by organiser; live ticket availability not independently checked. Free food, free drinks and young-professional offers are unverified unless labelled."
"LUE-968085ccf4a8","The Fall of the USSR: The Baltic Factor","University College London (UCL)","2026-10-13","2026-10-13T18:30:00+01:00","","","2026-10-13T20:00:00+01:00","Europe/London","in_person","124 Gideon Schreier Lecture Theatre","Bentham House, 4-8 Endsleigh Gardens, London, WC1H 0EG, United Kingdom","","","Free","","","","Open to All; Pre-booking essential","","","Not positively confirmed","Not positively confirmed","Not positively confirmed","https://www.ucl.ac.uk/arts-humanities/events/2026/oct/fall-ussr-baltic-factor","https://www.eventbrite.co.uk/e/the-fall-of-the-ussr-the-baltic-factor-tickets-2002194879783?aff=oddtdtcreator&_gl=1%2A7yzddl%2A_up%2AMQ..%2A_ga%2ANzgwNjc4MjU3LjE3OTAyNDM5ODQ.%2A_ga_TQVES5V6SH%2AczE3OTAyNDM5ODMkbzEkZzAkdDE3OTAyNDM5ODMkajYwJGwwJGgw","https://www.ucl.ac.uk/arts-humanities/events/2026/oct/fall-ussr-baltic-factor","","2026-10-06T21:07:16.120076+00:00","foreign_policy","Registration destination linked by organiser; live ticket availability not independently checked. Free food, free drinks and young-professional offers are unverified unless labelled."
"B1-8c734de4ec81","Comedy Unleashed: Andrew Lawrence & Dominic Frisby","Comedy Unleashed; Academy of Ideas / Battle of Ideas (satellite partner)","2026-10-13","2026-10-13T19:30:00+01:00","2026-10-13T18:00:00+01:00","","2026-10-13T22:00:00+01:00","Europe/London","in_person","Backyard Comedy Club","231 Cambridge Heath Road, London E2 0EL","","","£10–£22.38 published ticket range; no refunds","Unknown unless explicitly stated in price","Unknown unless explicitly stated in access","Unknown","Ages 18+; separately ticketed","SoldOut in Eventbrite metadata","Unknown; no refund or cancellation policy verified","Not positively confirmed","Not positively confirmed","Not positively confirmed","https://www.battleofideas.org.uk/session/comedy-unleashed-andrew-lawrence-dominic-frisby/","https://www.eventbrite.co.uk/e/andrew-lawrence-at-comedy-unleashed-london-tickets-1991853712072?aff=oddtdtcreator","https://www.battleofideas.org.uk/session/comedy-unleashed-andrew-lawrence-dominic-frisby/ | https://www.battleofideas.org.uk/strand/satellite-events/ | https://www.eventbrite.co.uk/e/andrew-lawrence-at-comedy-unleashed-london-tickets-1991853712072?aff=oddtdtcreator","EH-039","2026-10-06T15:10:14.440427+00:00","Not classified","Public Eventbrite metadata marks sold out; ticket inventory not otherwise confirmed | Arrival/doors time: 2026-10-13T18:00:00+01:00; distinct from programme start | Availability: SoldOut in Eventbrite metadata | Cancellation/refunds: Unknown; no refund or cancellation policy verified | Ideology not classified; affiliation does not establish the views of attendees or performers. Free food, free drinks and young-professional offers are unverified unless labelled."
"eh-020-2026-10-13-4212e6497","Club Quiz","Fairwater Conservative Club","2026-10-13","2026-10-13T19:30:00+01:00","","","Unknown","Europe/London","in_person","Fairwater Conservative Club, Members Lounge","61 Ely Road, Llandaff, Cardiff CF5 2BY","Cardiff","Wales","Unknown","Not stated","Unknown unless explicitly stated in access","Unknown","Members and guests only","Advertised; ticket availability not verified","Not stated","Not positively confirmed","Not positively confirmed","Not positively confirmed","https://www.fairwatercons.co.uk/copy-of-club-events","","https://www.fairwatercons.co.uk/copy-of-club-events | https://www.fairwatercons.co.uk/","EH-020","2026-10-06T15:09:31.207957+00:00","Not classified","Each occurrence is explicitly dated in the official 2026 calendar. | Availability: Advertised; ticket availability not verified | Cancellation/refunds: Not stated | Price and any booking fees are unknown | Ideology not classified; affiliation does not establish the views of attendees or performers. Free food, free drinks and young-professional offers are unverified unless labelled."
"B2-013","How to be an MP","Conservative Women's Organisation","2026-10-14","TBC","","","Unknown","Europe/London","online","Online (UK organiser)","","","England","Free","No booking fee stated in current index; registration details not freshly available","Unknown unless explicitly stated in access","Unknown","Full members only","not independently confirmed","Unknown; no refund or cancellation policy verified","Not positively confirmed","Not positively confirmed","Not positively confirmed","https://conservativewomen.uk/events/how-to-be-an-mp-20261014/","https://conservativewomen.uk/login/","https://conservativewomen.uk/events/how-to-be-an-mp-20261014/ | https://conservativewomen.uk/ | https://conservativewomen.uk/events/","EH-157","2026-10-06T14:49:55.909948+00:00","Not classified","Do not convert 6–7.30 to precise 24-hour time until meridiem is verified. | Britain-hosted online candidate; not a physical event. | 6–7.30; AM/PM not explicitly stated in visible text | Free; optional £10 donation requested; Zoom link sent to registrants on the day | Availability: not independently confirmed | Cancellation/refunds: Unknown; no refund or cancellation policy verified | Price and any booking fees are unknown | Ideology not classified; affiliation does not establish the views of attendees or performers. Free food, free drinks and young-professional offers are unverified unless labelled."
"eh-027-2026-10-14-0cce7500a","Ladies Darts, Games & Social Night","North Enfield Conservative Club","2026-10-14","TBC","","","2026-10-14T23:00:00+01:00","Europe/London","in_person","North Enfield Social Club, Main Bar","278 Baker Street, Enfield EN1 3LD","Enfield, London","England","Unknown","Not stated","Unknown unless explicitly stated in access","Unknown","Private members’ club; check guest eligibility and event booking","Advertised; ticket availability not verified","Not stated","Not positively confirmed","Not positively confirmed","Not positively confirmed","https://neccenfieldnorth.co.uk/events.php","","https://neccenfieldnorth.co.uk/events.php | https://neccenfieldnorth.co.uk/ | https://neccenfieldnorth.co.uk/contact.php","EH-027","2026-10-06T15:09:31.207957+00:00","Not classified","Public calendar time may include doors/opening; separate programme start not stated. | Published calendar time: 2026-10-14T19:00:00+01:00; programme start is TBC | Availability: Advertised; ticket availability not verified | Cancellation/refunds: Not stated | Price and any booking fees are unknown | Ideology not classified; affiliation does not establish the views of attendees or performers. Free food, free drinks and young-professional offers are unverified unless labelled."
"eh-027-2026-10-14-312eddf6d","Lunchtime Bingo including Hot Buffet","North Enfield Conservative Club","2026-10-14","TBC","","","2026-10-14T15:00:00+01:00","Europe/London","in_person","North Enfield Social Club, Main Bar","278 Baker Street, Enfield EN1 3LD","Enfield, London","England","Unknown","Not stated","Unknown unless explicitly stated in access","Unknown","Private members’ club; check guest eligibility and event booking","Advertised; ticket availability not verified","Not stated","Not positively confirmed","Not positively confirmed","Not positively confirmed","https://neccenfieldnorth.co.uk/events.php","","https://neccenfieldnorth.co.uk/events.php | https://neccenfieldnorth.co.uk/ | https://neccenfieldnorth.co.uk/contact.php","EH-027","2026-10-06T15:09:31.207957+00:00","Not classified","Public calendar time may include doors/opening; separate programme start not stated. | Published calendar time: 2026-10-14T12:00:00+01:00; programme start is TBC | Availability: Advertised; ticket availability not verified | Cancellation/refunds: Not stated | Price and any booking fees are unknown | Ideology not classified; affiliation does not establish the views of attendees or performers. Free food, free drinks and young-professional offers are unverified unless labelled."
"nc-002-2026-10-14-e0b21e724","An Evening of Music and Comedy","Promoter not stated; listed by Lewes Con Club","2026-10-14","TBC","2026-10-14T19:00:00+01:00","","2026-10-14T23:00:00+01:00","Europe/London","in_person","Lewes Con Club","139 High Street, Lewes, East Sussex BN7 1XS","Lewes","England","Tickets £12 +b/f :  wegottickets.com/f/27506","Not stated","Unknown unless explicitly stated in access","Unknown","Members and non-members welcome; check event-specific age restrictions","Advertised; ticket inventory not verified","Check ticket seller; venue does not manage most promoter tickets","Not positively confirmed","Not positively confirmed","Not positively confirmed","https://www.lewesconclub.com/events/an-evening-of-music-and-comedy/","https://wegottickets.com/f/27506","https://www.lewesconclub.com/events/an-evening-of-music-and-comedy/ | https://www.lewesconclub.com/ | https://www.lewesconclub.com/contact/","NC-002","2026-10-06T15:09:31.207957+00:00","Not classified","Arrival/doors time: 2026-10-14T19:00:00+01:00; distinct from programme start | Availability: Advertised; ticket inventory not verified | Cancellation/refunds: Check ticket seller; venue does not manage most promoter tickets | Ideology not classified; affiliation does not establish the views of attendees or performers. Free food, free drinks and young-professional offers are unverified unless labelled."
"LUE-8ac27093eafd","Inner Zone: The Untold Violence of Retribution in Besieged Sarajevo","University College London (UCL)","2026-10-14","2026-10-14T11:00:00+01:00","","","2026-10-14T12:30:00+01:00","Europe/London","in_person","Masaryk room","14-16 Taviton street, London, WC1H 0BW, United Kingdom","","","Free","","","","Open to All","","","Not positively confirmed","Not positively confirmed","Not positively confirmed","https://www.ucl.ac.uk/arts-humanities/events/2026/oct/inner-zone-untold-violence-retribution-besieged-sarajevo","","https://www.ucl.ac.uk/arts-humanities/events/2026/oct/inner-zone-untold-violence-retribution-besieged-sarajevo","","2026-10-06T21:07:17.389112+00:00","foreign_policy","No direct booking link published in the retrieved event content. Free food, free drinks and young-professional offers are unverified unless labelled."
"LUE-e3d0673b3a2b","Valuing ‘Greenness’: Transitions to Jobs and Economic Opportunity","University College London (UCL)","2026-10-14","2026-10-14T11:00:00+01:00","","","2026-10-14T13:00:00+01:00","Europe/London","in_person","Room 106","Gordon House, 29 Gordon Square, London, WC1H 0PP, United Kingdom","","","Free","","","","Listed in UCL’s Public events calendar; Open","","","Not positively confirmed","Not positively confirmed","Not positively confirmed","https://www.ucl.ac.uk/social-historical-sciences/events/2026/oct/valuing-greenness-transitions-jobs-and-economic-opportunity","","https://www.ucl.ac.uk/social-historical-sciences/events/2026/oct/valuing-greenness-transitions-jobs-and-economic-opportunity | https://www.ucl.ac.uk/events/all-events?ucl_audience%5BPublic%5D=Public&0=39&page=3","","2026-10-06T21:08:08.727388+00:00","nonpartisan","End time appears in the official event calendar but is omitted from the event detail page. Free food, free drinks and young-professional offers are unverified unless labelled."
"london-lshtm-nhs-2026-10-14","“Culturally adapted care”? South Asian mothers and the NHS in postwar Britain","London School of Hygiene & Tropical Medicine","2026-10-14","2026-10-14T12:45:00+01:00","","","2026-10-14T14:00:00+01:00","Europe/London","online","Online","","","","Free","","","","Free and open to all; no registration required","","","Not positively confirmed","Not positively confirmed","Not positively confirmed","https://www.lshtm.ac.uk/newsevents/events/culturally-adapted-care-south-asian-mothers-and-nhs-postwar-britain","https://lshtm.zoom.us/j/88668648854","https://www.lshtm.ac.uk/newsevents/events/culturally-adapted-care-south-asian-mothers-and-nhs-postwar-britain | https://www.lshtm.ac.uk/newsevents/events-feed","","2026-10-06T21:11:11.151264+00:00","nonpartisan","Free food, free drinks and young-professional offers are unverified unless labelled."
"B1-3f9c28af7891","Job Creators Launch 2026","The Entrepreneurs Network","2026-10-14","2026-10-14T15:30:00+01:00","","","2026-10-14T17:30:00+01:00","Europe/London","in_person","Penningtons Manches Cooper","Penningtons Manches Cooper, 125 Wood Street, London EC2V 7AW","","","Free","Unknown unless explicitly stated in price","Unknown unless explicitly stated in access","Unknown","Request a place; patrons, advisers and supporters given priority; relevant professional audience","Request to join; host approval required","Unknown; no refund or cancellation policy verified","Not positively confirmed","Not positively confirmed","Not positively confirmed","https://www.tenentrepreneurs.org/events/job-creators-launch-2026","https://luma.com/or0o7gno","https://www.tenentrepreneurs.org/events/job-creators-launch-2026 | https://www.tenentrepreneurs.org/events/ | https://luma.com/event/evt-14h2oHqz2fFSORp | https://luma.com/or0o7gno","EH-201","2026-10-06T14:56:00.452369+00:00","Not classified","Availability: Request to join; host approval required | Cancellation/refunds: Unknown; no refund or cancellation policy verified | Ideology not classified; affiliation does not establish the views of attendees or performers. Free food, free drinks and young-professional offers are unverified unless labelled."
"LUE-467504b6051d","Working from home and school absence","University College London (UCL)","2026-10-14","2026-10-14T16:00:00+01:00","","","2026-10-14T17:15:00+01:00","Europe/London","hybrid","Masaryk Room","UCL School of Slavonic and East European Studies (UCL SSEES), 16 Taviton Street, London, WC1H 0BW, United Kingdom","","","Free","","","","Open to All; Pre-booking essential","","","Not positively confirmed","Not positively confirmed","Not positively confirmed","https://www.ucl.ac.uk/ioe/events/2026/oct/working-home-and-school-absence","https://forms.cloud.microsoft/Pages/ResponsePage.aspx?id=_oivH5ipW0yTySEKEdmlwnKIqn_6nGRKhOkD-CBRTdpUNzZOMjlIWEZDS0Y3OVQ3QjQ4U0ZEQ0JRVi4u","https://www.ucl.ac.uk/ioe/events/2026/oct/working-home-and-school-absence | https://www.ucl.ac.uk/events/all-events?ucl_audience%5BPublic%5D=Public&0=39&page=3","","2026-10-06T21:08:08.728927+00:00","nonpartisan","Registration destination linked by organiser; live ticket availability not independently checked. Free food, free drinks and young-professional offers are unverified unless labelled."
"LUC-18dc59d54f7e","Frontiers of Risk and Resilience","SOAS University of London","2026-10-14","2026-10-14T17:00:00+01:00","","","2026-10-14T18:30:00+01:00","Europe/London","hybrid","Main Building R101, SOAS Main Building (R101)","10 Thornhaugh Street, Russell Square, London WC1H 0XG","","","Free","","","","Public registration; booking required","","","Not positively confirmed","Not positively confirmed","Not positively confirmed","https://www.soas.ac.uk/about/event/frontiers-risk-and-resilience","https://forms.cloud.microsoft/Pages/ResponsePage.aspx?id=odBNZ2Kux0Kjn2nuGZU3qNQxGyvuolVHrInpQGVsN9ZUNjFRWEJYRDM5NDVWSllNVk4wWFdPQldZWS4u","https://www.soas.ac.uk/about/event/frontiers-risk-and-resilience","","2026-10-06T21:07:39.045377+00:00","nonpartisan","Fresh downloaded official detail and listing API agree on 14 October; older web search cache showed 15 October Free food, free drinks and young-professional offers are unverified unless labelled."
"LUC-cb19a64d3c03","Westminster (Politics and International Relations) Conversations: Researching the National Interest in the wake of Globalisation","University of Westminster","2026-10-14","2026-10-14T17:00:00+01:00","","","2026-10-14T18:00:00+01:00","Europe/London","in_person","Fyvie Hall, Regent Street Campus","309 Regent Street, London W1B 2HW","","","Free","","","","Open to all, including external attendees; register in advance","","","Not positively confirmed","Not positively confirmed","Not positively confirmed","https://www.westminster.ac.uk/events/westminster-politics-and-international-relations-conversations-researching-the-national-interest-in-the-wake-of-globalisation","https://westminster.cventevents.com/rM54x1","https://www.westminster.ac.uk/events/westminster-politics-and-international-relations-conversations-researching-the-national-interest-in-the-wake-of-globalisation","","2026-10-06T21:09:32.275352+00:00","foreign_policy","Free food, free drinks and young-professional offers are unverified unless labelled."
"LUC-40d5a2819f33","Algorithms and Accountability – Lessons from 1985","City St George's, University of London / Bayes Business School","2026-10-14","2026-10-14T18:00:00+01:00","","","2026-10-14T20:30:00+01:00","Europe/London","in_person","The Curve Lecture Theatre, Tooting Campus","Cranmer Terrace, London SW17 0RE","","","Free","","","","Public; free registration advertised","","","Not positively confirmed","Not positively confirmed","Not positively confirmed","https://www.citystgeorges.ac.uk/news-and-events/events/2026/october/algorithms-and-accountability-lessons-from-1985","https://city.tfaforms.net/4724653","https://www.citystgeorges.ac.uk/news-and-events/events/2026/october/algorithms-and-accountability-lessons-from-1985","","2026-10-06T21:11:21.456740+00:00","nonpartisan","Detail page local time used; index lists the same instant in GMT/UTC Free food, free drinks and young-professional offers are unverified unless labelled."
"LUE-1fec2d9d116d","Sickle and Veil: Communist Gender and Policies towards Muslim Minorities in Eastern Europe","University College London (UCL)","2026-10-14","2026-10-14T18:00:00+01:00","","","2026-10-14T20:00:00+01:00","Europe/London","in_person","Masaryk room","14-16 Taviton street, London, WC1H 0BW, United Kingdom","","","Free","Free event; no separate fee verified","Not stated; organiser marks open to all","","Open to All; Pre-booking essential","Organiser page states availability Yes; live ticket inventory unconfirmed","No cancellation or reschedule notice in source retrieved; status subject to organiser","Not positively confirmed","Not positively confirmed","Not positively confirmed","https://www.ucl.ac.uk/arts-humanities/events/2026/oct/sickle-and-veil-communist-gender-and-policies-towards-muslim-minorities-eastern-europe","https://www.eventbrite.co.uk/e/book-talk-sickle-and-veil-tickets-2002190640102","https://www.ucl.ac.uk/arts-humanities/events/2026/oct/sickle-and-veil-communist-gender-and-policies-towards-muslim-minorities-eastern-europe","","2026-10-08T12:50:23+00:00","nonpartisan","Pre-booking essential. Official page retrieved through search states availability Yes; direct page and Eventbrite fetch failed, so live ticket inventory is unconfirmed. Free food, free drinks and young-professional offers are unverified unless labelled."
"LUE-a670a120a97b","Courts and Constitutions: Judicial Review 250 Years After Independence","University College London (UCL)","2026-10-14","2026-10-14T18:00:00+01:00","","","2026-10-14T19:15:00+01:00","Europe/London","hybrid","Moot Court, UCL Laws","Bentham House, Endsleigh Gardens, London, WC1H 0EG, United Kingdom","","","£8 online or in person; free for individual/institutional Statute Law Society members and UCL staff/students; booking fees not verified","","","","Listed in UCL’s Public events calendar; Pre-booking essential","","","Not positively confirmed","Not positively confirmed","Not positively confirmed","https://www.ucl.ac.uk/laws/events/2026/oct/courts-and-constitutions-judicial-review-250-years-after-independence","https://www.eventbrite.co.uk/e/courts-and-constitutions-judicial-review-250-years-after-independence-tickets-1999118543378?aff=oddtdtcreator&_gl=1%2Ad801rm%2A_up%2AMQ..%2A_ga%2AMTIwODcwNDY5My4xNzg3OTQyNjM1%2A_ga_TQVES5V6SH%2AczE3ODc5NDI2MzQkbzEkZzAkdDE3ODc5NDI2MzQkajYwJGwwJGgw&keep_tld=true","https://www.ucl.ac.uk/laws/events/2026/oct/courts-and-constitutions-judicial-review-250-years-after-independence | https://www.ucl.ac.uk/events/all-events?ucl_audience%5BPublic%5D=Public&0=39&page=3 | https://www.eventbrite.co.uk/e/courts-and-constitutions-judicial-review-250-years-after-independence-tickets-1999118543378?aff=oddtdtcreator&_gl=1%2Ad801rm%2A_up%2AMQ..%2A_ga%2AMTIwODcwNDY5My4xNzg3OTQyNjM1%2A_ga_TQVES5V6SH%2AczE3ODc5NDI2MzQkbzEkZzAkdDE3ODc5NDI2MzQkajYwJGwwJGgw&keep_tld=true","LUE-UCL","2026-10-06T21:08:09.536067+00:00","law","Published ticket price retained; checkout total and booking fees not verified. Registration destination linked by organiser; live ticket availability not independently checked. Organiser’s Eventbrite page also confirms both online and in-person tickets at £8. Checkout total and inventory not checked. Free food, free drinks and young-professional offers are unverified unless labelled."
"london-rh-ada-2026-10-14","Debugging the system: Ada Lovelace, computing, and gender equity","Royal Holloway, University of London","2026-10-14","2026-10-14T18:15:00+01:00","","","Unknown","Europe/London","in_person","Moore Building","Royal Holloway, Egham, Surrey TW20 0EX","","","Free","","","","Public lecture; advance booking essential","","","Not positively confirmed","Not positively confirmed","Not positively confirmed","https://www.royalholloway.ac.uk/about-us/events/debugging-the-system-ada-lovelace-computing-and-gender-equity/","https://www.eventbrite.co.uk/e/debugging-the-system-ada-lovelace-computing-and-gender-equity-tickets-2002705814001","https://www.royalholloway.ac.uk/about-us/events/debugging-the-system-ada-lovelace-computing-and-gender-equity | https://www.royalholloway.ac.uk/about-us/events/ | https://www.royalholloway.ac.uk/about-us/events/?page=2","","2026-10-06T21:10:14.171675+00:00","nonpartisan","End time not stated; omitted Eventbrite booking availability not verified Free food, free drinks and young-professional offers are unverified unless labelled."
"LUC-91a7d4667796","A Taste for Change: How can we work together to build a food bank free future","City St George's, University of London / Bayes Business School","2026-10-14","2026-10-14T18:30:00+01:00","2026-10-14T18:00:00+01:00","","2026-10-14T21:00:00+01:00","Europe/London","in_person","Bayes Business School, 106 Bunhill Row, London EC1Y 8TZ","106 Bunhill Row, London EC1Y 8TZ","","","Free","","","","Public; free registration advertised","","","Not positively confirmed","Not positively confirmed","Not positively confirmed","https://www.citystgeorges.ac.uk/news-and-events/events/2026/october/a-taste-for-change-how-can-we-work-together-to-build-a-food-bank-free-future","https://forms.cloud.microsoft/e/29BtHNXnEB","https://www.citystgeorges.ac.uk/news-and-events/events/2026/october/a-taste-for-change-how-can-we-work-together-to-build-a-food-bank-free-future","","2026-10-06T21:11:28.090713+00:00","nonpartisan","Detail page local time used; index lists the same instant in GMT/UTC Header lists 18:30–20:00 for the programme; detailed agenda explicitly schedules drinks/networking at 20:00 and overall event close at 21:00. Programme ends: 2026-10-14T20:00:00+01:00. Reception starts: 2026-10-14T20:00:00+01:00. Free food, free drinks and young-professional offers are unverified unless labelled."
"B3-2026-10-14-a395e08403","Two Cities Virtual Golf","Hyde Park branch, Cities of London and Westminster Conservatives","2026-10-14","2026-10-14T18:30:00+01:00","","","2026-10-14T22:30:00+01:00","Europe/London","in_person","Professional golf simulators at private venue in Soho","","London","England","£25; booking fee not verified","See price field where verified; otherwise not published/verified","Unknown unless explicitly stated in access","Not published in retrieved event details","Open to all aged 18+. Bring photo ID if under 25. All golfing abilities; smart casual.","Booking link advertised","No cancellation notice found in sources checked; live status remains subject to organiser confirmation","Not positively confirmed","Not positively confirmed","Not positively confirmed","https://www.twocitiesconservatives.org.uk/events/two-cities-virtual-golf","https://www.twocitiesconservatives.org.uk/events/two-cities-virtual-golf","https://www.twocitiesconservatives.org.uk/events/two-cities-virtual-golf | https://tickets.twocitiesconservatives.org.uk/events/twocitiesconservatives | https://www.twocitiesconservatives.org.uk/events","EH-058","2026-10-06T15:09:31.207957+00:00","Not classified","Venue shared with registered guests 24 hours before. Virtual refers to golf simulators; this is not an online event. | Older cached detail says details to follow; newer official indexed page provides time, price and restrictions. | Availability: Booking link advertised | Cancellation/refunds: No cancellation notice found in sources checked; live status remains subject to organiser confirmation | Ideology not classified; affiliation does not establish the views of attendees or performers. Free food, free drinks and young-professional offers are unverified unless labelled."
"B3-2026-10-14-52c3f1bf92","Backing British Business: An Audience with Andrew Griffith MP","Kensington, Bayswater, Chelsea & Fulham Conservatives","2026-10-14","2026-10-14T18:30:00+01:00","","","2026-10-14T20:30:00+01:00","Europe/London","in_person","Private venue in Chelsea Riverside","","London","England","£25 including wine and nibbles; fees not stated","See price field where verified; otherwise not published/verified","Unknown unless explicitly stated in access","Not published in retrieved event details","KBCFC members and their guests","Listed; live ticket availability not verified","No cancellation notice found in sources checked; live status remains subject to organiser confirmation","Not positively confirmed","Not positively confirmed","Not positively confirmed","https://www.kcfc.org.uk/events/backing-british-business-audience-andrew-griffith-mp","https://www.kcfc.org.uk/events/backing-british-business-audience-andrew-griffith-mp","https://www.kcfc.org.uk/events/backing-british-business-audience-andrew-griffith-mp | https://www.kcfc.org.uk/events","EH-072","2026-10-06T15:09:31.207957+00:00","Not classified","Exact location emailed 24 hours before. Speaker’s current office differs between index and detail; title omitted from event title. | Availability: Listed; live ticket availability not verified | Cancellation/refunds: No cancellation notice found in sources checked; live status remains subject to organiser confirmation | Ideology not classified; affiliation does not establish the views of attendees or performers. Free food, free drinks and young-professional offers are unverified unless labelled."
"LUE-435aa357522c","Weaponising dependency - the new world order","London School of Economics and Political Science (LSE)","2026-10-14","2026-10-14T18:30:00+01:00","","","2026-10-14T20:00:00+01:00","Europe/London","online","Online","","","","Unknown","","","","Online registration available. All in-person tickets allocated; organiser operates an unguaranteed returns queue.","Online attendance advertised; all in-person tickets allocated; returns queue does not guarantee entry","","Not positively confirmed","Not positively confirmed","Not positively confirmed","https://www.lse.ac.uk/events/weaponising-dependency","https://lselive.eckoenterprise.net/events/20261014/welcome","https://www.lse.ac.uk/events/weaponising-dependency | https://www.lse.ac.uk/Events","","2026-10-06T21:07:40.572764+00:00","foreign_policy","Exact campus venue will be confirmed to ticket holders. LSE programme is generally free; only event-specific confirmed free prices retained Attendance routes: Attend online: https://lselive.eckoenterprise.net/events/20261014/welcome. Free food, free drinks and young-professional offers are unverified unless labelled."
"university-lse-fairer-britain-2026-10-14","Why we need a fairer Britain","London School of Economics and Political Science (LSE)","2026-10-14","2026-10-14T18:30:00+01:00","","","2026-10-14T20:00:00+01:00","Europe/London","hybrid","Pankhurst House, Room G.01, LSE campus","London; exact street address not independently verified","","","Unknown","Not independently verified","Not stated","","Explicitly in-person and online public event; consult organiser page for booking","See access and notes; live inventory not verified","No cancellation or reschedule notice seen in checked source","Not positively confirmed","Not positively confirmed","Not positively confirmed","https://www.lse.ac.uk/international-inequalities/events/public-events/fairer-britain","","https://www.lse.ac.uk/international-inequalities/events/public-events/fairer-britain","","2026-10-08T13:00:00+00:00","nonpartisan","Socio-economic inequality and reforms to public services, tax, housing and work. Event-specific fee, direct registration links and inventory were not exposed. Doors time not stated. Free food, free drinks and young-professional offers are unverified unless labelled."
"B1-b84cbfb0368f","What is the greatest threat to free speech today?","Free Speech Union","2026-10-14","2026-10-14T19:30:00+01:00","","","2026-10-14T22:00:00+01:00","Europe/London","in_person","Venue disclosed to ticket holders","London EC2V; precise address emailed to ticket holders","","","FSU members £15; non-members £20; £0 booking fee shown","£0.00 per ticket shown","Unknown unless explicitly stated in access","Unknown","Non-members welcome; member rate restricted to FSU members","Ticket types visible","Unknown; no refund or cancellation policy verified","Not positively confirmed","Not positively confirmed","Not positively confirmed","https://freespeechunion.telltix.com/events/freespeechunion/2395927","https://freespeechunion.telltix.com/events/freespeechunion/2395927","https://freespeechunion.telltix.com/events/freespeechunion/2395927 | https://freespeechunion.telltix.com/ | https://freespeechunion.telltix.com/checkout/view-event/id/9026309/chk/2560239a5d62d9115de13e4068e2c96e/?modal_widget=true&widget=true | https://www.tickettailor.com/events/freespeechunion/2395927 | https://www.tickettailor.com/checkout/view-event/id/9026309/chk/2560239a5d62d9115de13e4068e2c96e/?modal_widget=true&widget=true","EH-005","2026-10-06T14:46:32.768363+00:00","Not classified","Precise venue withheld until booking | Availability: Ticket types visible | Cancellation/refunds: Unknown; no refund or cancellation policy verified | Ideology not classified; affiliation does not establish the views of attendees or performers. Free food, free drinks and young-professional offers are unverified unless labelled."
"B3-2026-10-15-63bafbfeb8","MCA Supper Club with David Starkey CBE","Maidenhead Conservatives","2026-10-15","TBC","","","Unknown","Europe/London","in_person","Fredricks Hotel","Shoppenhangers Road, Maidenhead SL6 2PZ","Maidenhead","England","£39 including two courses; fees not verified","See price field where verified; otherwise not published/verified","Unknown unless explicitly stated in access","Not published in retrieved event details","Not published; check organiser before booking","Waiting list only on official Ticket Tailor page at verification","No cancellation notice found in sources checked; live status remains subject to organiser confirmation","Not positively confirmed","Not positively confirmed","Not positively confirmed","https://www.tickettailor.com/events/maidenheadconservativeassociation/2350773","https://www.tickettailor.com/events/maidenheadconservativeassociation/2350773","https://www.tickettailor.com/events/maidenheadconservativeassociation/2350773 | https://www.maidenheadconservatives.com/ | https://www.maidenheadconservatives.com/events/supper-club-david-starkey-cbe","EH-074","2026-10-06T15:09:31.207957+00:00","Not classified","Ticket header says 19:30–22:00; description says 19:00–22:30. Both retained; confirm exact programme before travel. | Ticket header lists 19:30–22:00, while the previously retrieved description lists 19:00–22:30; no unambiguous programme/doors split established. Confirm timing with organiser. | Availability: Waiting list only on official Ticket Tailor page at verification | Cancellation/refunds: No cancellation notice found in sources checked; live status remains subject to organiser confirmation | Ideology not classified; affiliation does not establish the views of attendees or performers. Free food, free drinks and young-professional offers are unverified unless labelled."
"B3-2026-10-15-31167e4a1d","Meet & Greet: catch up with local Conservatives and meet your candidates","Mid Norfolk Conservatives","2026-10-15","TBC","","","Unknown","Europe/London","in_person","Local pub; exact location TBC","","Mid Norfolk","England","Unknown","See price field where verified; otherwise not published/verified","Unknown unless explicitly stated in access","Not published in retrieved event details","Not published; check organiser before booking","Listed; live ticket availability not verified","No cancellation notice found in sources checked; live status remains subject to organiser confirmation","Not positively confirmed","Not positively confirmed","Not positively confirmed","https://www.midnorfolkconservatives.org.uk/events/meet-greet-catch-other-local-conservatives-pub-meet-your-candidates","https://www.midnorfolkconservatives.org.uk/events/meet-greet-catch-other-local-conservatives-pub-meet-your-candidates","https://www.midnorfolkconservatives.org.uk/events/meet-greet-catch-other-local-conservatives-pub-meet-your-candidates | https://www.midnorfolkconservatives.org.uk/","EH-078","2026-10-06T15:09:31.207957+00:00","Not classified","Official homepage confirms date; event detail page could not be retrieved. Time, venue and cost unverified. | Only one distinct official page was retrievable for this listing; further official detail checks were unsuccessful or unavailable. | Availability: Listed; live ticket availability not verified | Cancellation/refunds: No cancellation notice found in sources checked; live status remains subject to organiser confirmation | Price and any booking fees are unknown | Ideology not classified; affiliation does not establish the views of attendees or performers. Free food, free drinks and young-professional offers are unverified unless labelled."
"B3-2026-10-15-f001d98aef","Association Annual Dinner with Matt Vickers MP","Witney Conservatives","2026-10-15","TBC","2026-10-15T19:15:00+01:00","","2026-10-15T22:00:00+01:00","Europe/London","in_person","Cokethorpe School, near Witney","Cokethorpe School, Witney, OX29 7PU","Witney","England","Unknown","See price field where verified; otherwise not published/verified","Unknown unless explicitly stated in access","Not published in retrieved event details","Black tie; membership/age restriction not stated; ticket booking required","Listed; live ticket availability not verified","No cancellation notice found in sources checked; live status remains subject to organiser confirmation","Not positively confirmed","Not positively confirmed","Not positively confirmed","https://www.tickettailor.com/events/witneyconservativesassociation/2143010/select-date","https://www.tickettailor.com/events/witneyconservativesassociation/2143010","https://www.tickettailor.com/events/witneyconservativesassociation/2143010/select-date | https://www.witneyconservatives.com/events/association-annual-dinner-0 | https://www.witneyconservatives.com/events | https://www.tickettailor.com/events/witneyconservativesassociation/2143010","EH-104","2026-10-06T15:09:31.207957+00:00","Not classified","19:15 is arrival time; dinner/programme start not separately published. Ticket price not retrieved. | 19:15 is explicitly arrival time; programme/dinner start is not separately published. | Arrival/doors time: 2026-10-15T19:15:00+01:00; distinct from programme start | Availability: Listed; live ticket availability not verified | Cancellation/refunds: No cancellation notice found in sources checked; live status remains subject to organiser confirmation | Price and any booking fees are unknown | Ideology not classified; affiliation does not establish the views of attendees or performers. Free food, free drinks and young-professional offers are unverified unless labelled."
"LUC-869edd94973a","Strengthening the Security of Advanced Semiconductor Supply Chains","King's College London","2026-10-15","2026-10-15T10:00:00+01:00","","","2026-10-15T15:00:00+01:00","Europe/London","hybrid","Small Committee Room (KIN G21), King's Building","Strand Campus, Strand, London, WC2R 2LS","","","Free","","","","Public registration; advance booking required; tickets on sale when checked","on_sale","","Not positively confirmed","Not positively confirmed","Not positively confirmed","https://www.kcl.ac.uk/events/strengthening-the-security-of-advanced-semiconductor-supply-chains","https://www.eventbrite.com/e/strengthening-the-security-of-advanced-semiconductor-supply-chains-tickets-2001883126320?aff=oddtdtcreator&_gl=1*a4f695*_up*MQ..*_ga*MTg1NDg4MDM1MS4xNzkwMDA2NDI5*_ga_TQVES5V6SH*czE3OTAwMDY0MjgkbzEkZzEkdDE3OTAwMDY0NTEkajM3JGwwJGgw&keep_tld=true","https://www.kcl.ac.uk/events/strengthening-the-security-of-advanced-semiconductor-supply-chains | https://www.eventbrite.com/e/strengthening-the-security-of-advanced-semiconductor-supply-chains-tickets-2001883126320","","2026-10-06T21:15:13.279876+00:00","foreign_policy","Free food, free drinks and young-professional offers are unverified unless labelled."
"B1-f9807eed5fab","Ecosystem Builders Meetup: Oxford NatWest Accelerator","The Entrepreneurs Network","2026-10-15","2026-10-15T11:00:00+01:00","","","2026-10-15T12:30:00+01:00","Europe/London","in_person","NatWest Accelerator, Oxford Centre for Innovation","Oxford Centre for Innovation, Blue Boar Court, 9 Alfred Street, Oxford OX1 4EH","","","Free","Unknown unless explicitly stated in price","Unknown unless explicitly stated in access","Unknown","Request a place; patrons, advisers and supporters given priority; relevant professional audience","Request to join; host approval required","Unknown; no refund or cancellation policy verified","Not positively confirmed","Not positively confirmed","Not positively confirmed","https://www.tenentrepreneurs.org/events/ecosystem-builders-oxford-natwest","https://luma.com/g88xq1w9","https://www.tenentrepreneurs.org/events/ecosystem-builders-oxford-natwest | https://www.tenentrepreneurs.org/events/ | https://luma.com/event/evt-gvJA6R7aDEameiF | https://luma.com/g88xq1w9","EH-201","2026-10-06T14:56:00.452369+00:00","Not classified","Coffee advertised | Availability: Request to join; host approval required | Cancellation/refunds: Unknown; no refund or cancellation policy verified | Ideology not classified; affiliation does not establish the views of attendees or performers. Free food, free drinks and young-professional offers are unverified unless labelled."
"LUC-bf6c53753c99","Food Thinkers: Policies to reduce ultraprocessed foods: an operational definition and policy priorities","City St George's, University of London / Bayes Business School","2026-10-15","2026-10-15T16:00:00+01:00","","","2026-10-15T17:15:00+01:00","Europe/London","online","Online","Online","","","Free","","","","Public; free registration advertised","","","Not positively confirmed","Not positively confirmed","Not positively confirmed","https://www.citystgeorges.ac.uk/news-and-events/events/2026/october/food-thinkers-policies-to-reduce-ultraprocessed-foods-an-operational-definition-and-policy-priorities","https://city-ac-uk.zoom.us/webinar/register/WN_QxcF1mGLRqKie6MvBr3SCA","https://www.citystgeorges.ac.uk/news-and-events/events/2026/october/food-thinkers-policies-to-reduce-ultraprocessed-foods-an-operational-definition-and-policy-priorities","","2026-10-06T21:11:28.238491+00:00","nonpartisan","Detail page local time used; index lists the same instant in GMT/UTC Free food, free drinks and young-professional offers are unverified unless labelled."
"LUE-3609e0ead0ac","Where next for collective intelligence?","University College London (UCL)","2026-10-15","2026-10-15T17:00:00+01:00","","","2026-10-15T18:30:00+01:00","Europe/London","in_person","G06 Sir Ambrose Fleming Lecture Theatre","UCL Roberts Building, Torrington Place, London, WC1E 7JE, United Kingdom","","","Free","","","","Open to All; Ticketed","","","Not positively confirmed","Not positively confirmed","Not positively confirmed","https://www.ucl.ac.uk/engineering/events/2026/oct/where-next-collective-intelligence","https://www.eventbrite.co.uk/e/where-next-for-collective-intelligence-tickets-2001163638312?aff=oddtdtcreator&_gl=1%2A1nhzqln%2A_up%2AMQ..%2A_ga%2AODUwOTk1MjQyLjE3ODk1NTA2ODU.%2A_ga_TQVES5V6SH%2AczE3ODk1NTA2ODMkbzEkZzAkdDE3ODk1NTA2ODMkajYwJGwwJGgw","https://www.ucl.ac.uk/engineering/events/2026/oct/where-next-collective-intelligence | https://www.ucl.ac.uk/events/all-events?ucl_audience%5BPublic%5D=Public&0=39&page=4","","2026-10-06T21:08:11.670493+00:00","nonpartisan","Registration destination linked by organiser; live ticket availability not independently checked. Free food, free drinks and young-professional offers are unverified unless labelled."
"LUC-958e9d7ddb6d","Book Talk: 'Peace Makers: Shaping the modern world - the men and women of the Foreign Office in WWII' by Lord Peter Ricketts","King's College London","2026-10-15","2026-10-15T17:30:00+01:00","","","2026-10-15T18:45:00+01:00","Europe/London","in_person","River Room (KIN 227), King's Building","Strand Campus, Strand, London, WC2R 2LS","","","Free","","","","General Admission tickets available; booking required","registration_advertised","","Not positively confirmed","Not positively confirmed","Not positively confirmed","https://www.kcl.ac.uk/events/book-talk-peace-makers-shaping-the-modern-world-the-men-and-women-of-the-foreign-office-in-wwii-by-lord-peter-ricketts","https://buytickets.at/centreforstatecraftandnationalsecurity/2360606","https://www.kcl.ac.uk/events/book-talk-peace-makers-shaping-the-modern-world-the-men-and-women-of-the-foreign-office-in-wwii-by-lord-peter-ricketts | https://buytickets.at/centreforstatecraftandnationalsecurity/2360606","","2026-10-06T21:16:50.245141+00:00","foreign_policy","Free food, free drinks and young-professional offers are unverified unless labelled."
"LUC-e770b9a8351b","Re-Envisioning Anti-Corruption: Lessons from Research and Practice in the Global South","SOAS University of London","2026-10-15","2026-10-15T17:30:00+01:00","","","2026-10-15T19:00:00+01:00","Europe/London","in_person","S219, Senate Chamber, Paul Webley Wing, SOAS","Paul Webley Wing, Senate House, Malet Street, London WC1E 7HU","","","Free","","","","Public registration; booking required","","","Not positively confirmed","Not positively confirmed","Not positively confirmed","https://www.soas.ac.uk/about/event/re-envisioning-anti-corruption-lessons-research-and-practice-global-south","https://www.eventbrite.co.uk/e/soas-dld-conversation-tickets-2001880972879","https://www.soas.ac.uk/about/event/re-envisioning-anti-corruption-lessons-research-and-practice-global-south | https://www.eventbrite.co.uk/e/soas-dld-conversation-tickets-2001880972879","","2026-10-06T21:16:55.316659+00:00","nonpartisan","Free food, free drinks and young-professional offers are unverified unless labelled."
"LUE-33221908511f","The End of the Expert? How Digital Tech is Disrupting Professional Work","University College London (UCL)","2026-10-15","2026-10-15T17:30:00+01:00","","","2026-10-15T19:00:00+01:00","Europe/London","in_person","Roberts Engineering Building","UCL Bloomsbury, United Kingdom","","","Free","","","","Open to All; Ticketed","","","Not positively confirmed","Not positively confirmed","Not positively confirmed","https://www.ucl.ac.uk/research-innovation/events/2026/oct/end-expert-how-digital-tech-disrupting-professional-work","https://www.eventbrite.co.uk/e/the-end-of-the-expert-how-digital-tech-is-disrupting-professional-work-tickets-2000988094255?aff=oddtdtcreator","https://www.ucl.ac.uk/research-innovation/events/2026/oct/end-expert-how-digital-tech-disrupting-professional-work | https://www.ucl.ac.uk/events/all-events?ucl_audience%5BPublic%5D=Public&0=39&page=4","","2026-10-06T21:08:11.687400+00:00","nonpartisan","Registration destination linked by organiser; live ticket availability not independently checked. Free food, free drinks and young-professional offers are unverified unless labelled."
"LUE-20bf664c425d","Designing for parental wellbeing: a new way to conceptualise wellbeing in our cities","London School of Economics and Political Science (LSE)","2026-10-15","2026-10-15T18:00:00+01:00","","","2026-10-15T20:00:00+01:00","Europe/London","hybrid","MAR.2.04, Marshall Building","","","","Unknown","","","","Public event; register using the organiser’s in-person or online attendance link","","","Not positively confirmed","Not positively confirmed","Not positively confirmed","https://www.lse.ac.uk/cities/designing-for-wellbeing-a-new-way-to-conceptualise-the-wellbeing-of-caregivers","https://lse.eu.qualtrics.com/jfe/form/SV_6o2FU6rvMJc0F5I","https://www.lse.ac.uk/cities/designing-for-wellbeing-a-new-way-to-conceptualise-the-wellbeing-of-caregivers | https://www.lse.ac.uk/Events","","2026-10-06T21:08:52.323380+00:00","nonpartisan","Street address not independently verified; published campus venue retained. LSE programme is generally free; only event-specific confirmed free prices retained Registration page requires client-side rendering; live availability/price not independently exposed Attendance routes: Attend in person: https://lse.eu.qualtrics.com/jfe/form/SV_6o2FU6rvMJc0F5I | Attend online: https://lse.zoom.us/webinar/register/WN_t_TAA54zSg6bRNctyslfPg. Free food, free drinks and young-professional offers are unverified unless labelled."
"LUE-3fea271744a0","SSEES research student seminars (15 October session)","University College London (UCL)","2026-10-15","2026-10-15T18:00:00+01:00","","","2026-10-15T19:30:00+01:00","Europe/London","in_person","Masaryk room","14-16 Taviton street, London, WC1H 0BW, United Kingdom","","","Free","","","","Open to All; Open","","","Not positively confirmed","Not positively confirmed","Not positively confirmed","https://www.ucl.ac.uk/arts-humanities/events/2026/oct/ssees-research-student-seminars","","https://www.ucl.ac.uk/arts-humanities/events/2026/oct/ssees-research-student-seminars","","2026-10-06T21:07:21.489258+00:00","nonpartisan","Individual 15 October session extracted from a multi-date series; later title-TBC sessions are not published as political events. Free food, free drinks and young-professional offers are unverified unless labelled."
"LUE-692b24be8b3a","Privacy and Deepfakes","University College London (UCL)","2026-10-15","2026-10-15T18:00:00+01:00","","","2026-10-15T19:00:00+01:00","Europe/London","hybrid","UCL Faculty of Laws","4-8 Endsleigh Gardens, London, WC1H 0EG, United Kingdom","","","Free","","","","Open to All; Pre-booking essential","","","Not positively confirmed","Not positively confirmed","Not positively confirmed","https://www.ucl.ac.uk/laws/events/2026/oct/privacy-and-deepfakes","https://www.eventbrite.co.uk/e/clp-privacy-and-deepfakes-tickets-1998479150938?aff=oddtdtcreator","https://www.ucl.ac.uk/laws/events/2026/oct/privacy-and-deepfakes | https://www.ucl.ac.uk/events/all-events?ucl_audience%5BPublic%5D=Public&0=39&page=4","LUE-UCL","2026-10-06T21:08:11.712016+00:00","law","Registration destination linked by organiser; live ticket availability not independently checked. Free food, free drinks and young-professional offers are unverified unless labelled."
"LUC-6dd736488198","The Transformation of (European) Money","King's College London","2026-10-15","2026-10-15T18:15:00+01:00","","","2026-10-15T20:00:00+01:00","Europe/London","in_person","KIN LG109, Strand Campus","Strand, London, WC2R 2LS","","","Free","","","","Public registration; advance booking required; tickets on sale when checked","on_sale","","Not positively confirmed","Not positively confirmed","Not positively confirmed","https://www.kcl.ac.uk/events/the-transformation-of-european-money","https://www.eventbrite.co.uk/e/the-transformation-of-european-money-tickets-2001881857525?aff=odcleoeventsincollection","https://www.kcl.ac.uk/events/the-transformation-of-european-money | https://www.eventbrite.co.uk/e/the-transformation-of-european-money-tickets-2001881857525","","2026-10-06T21:15:18.737516+00:00","foreign_policy","Free food, free drinks and young-professional offers are unverified unless labelled."
"LUE-83ceaf98bf87","Policy & practice seminar: Regulating lobbying in the UK","University College London (UCL)","2026-10-15","2026-10-15T18:15:00+01:00","","","2026-10-15T19:30:00+01:00","Europe/London","in_person","Lecture Theatre G6","Institute of Archaeology, 31-34 Gordon Square, London, WC1H 0PY, United Kingdom","","","Free","","","","Open to All; Ticketed","","","Not positively confirmed","Not positively confirmed","Not positively confirmed","https://www.ucl.ac.uk/social-historical-sciences/events/2026/oct/policy-practice-seminar-regulating-lobbying-uk","https://www.eventbrite.co.uk/e/regulating-lobbying-in-the-uk-tickets-2002214937777?aff=website","https://www.ucl.ac.uk/social-historical-sciences/events/2026/oct/policy-practice-seminar-regulating-lobbying-uk | https://www.ucl.ac.uk/events/all-events?ucl_audience%5BPublic%5D=Public&0=39&page=4","","2026-10-06T21:07:14.833172+00:00","nonpartisan","Registration destination linked by organiser; live ticket availability not independently checked. Seats are allocated first come, first served; registration does not guarantee a seat. Free food, free drinks and young-professional offers are unverified unless labelled."
"B1-a8ad5a00a637","The Artificial Intelligence Revolution","Institute of Economic Affairs; Vinson Centre","2026-10-15","2026-10-15T18:30:00+01:00","","","2026-10-15T20:30:00+01:00","Europe/London","in_person","Institute of Economic Affairs","2 Lord North Street, Westminster, London SW1P 3LB","","","Unknown","Unknown unless explicitly stated in price","Unknown unless explicitly stated in access","Unknown","Registration required","Unknown; current ticket availability not verified","Unknown; no refund or cancellation policy verified","Not positively confirmed","Not positively confirmed","Not positively confirmed","https://instituteofeconomicaffairs.beaconforms.com/form/68ebfe1e","https://instituteofeconomicaffairs.beaconforms.com/form/68ebfe1e","https://instituteofeconomicaffairs.beaconforms.com/form/68ebfe1e | https://iea.org.uk/events-upcoming/ | https://vinsoncentre.com/events/","EH-197 | EH-205","2026-10-06T15:04:00.218728+00:00","Not classified","Vinson body also incorrectly names The Unanchored Central Banker; event title corroborated by IEA | Registration form is JavaScript-only; price/current inventory not verified | Availability: Unknown; current ticket availability not verified | Cancellation/refunds: Unknown; no refund or cancellation policy verified | Price and any booking fees are unknown | Ideology not classified; affiliation does not establish the views of attendees or performers. Free food, free drinks and young-professional offers are unverified unless labelled."
"LUE-dea1140465e5","The republic of innovation: a new political economy of freedom","London School of Economics and Political Science (LSE)","2026-10-15","2026-10-15T18:30:00+01:00","","","2026-10-15T20:00:00+01:00","Europe/London","hybrid","Malaysia Auditorium, Centre Building","","","","Unknown","","","","Public event; register using the organiser’s in-person or online attendance link","","","Not positively confirmed","Not positively confirmed","Not positively confirmed","https://www.lse.ac.uk/events/political-economy","https://lse360.my.site.com/events/s/event-signup?eId=a0iSq0000059Re1IAE","https://www.lse.ac.uk/events/political-economy | https://www.lse.ac.uk/Events","","2026-10-06T21:08:52.656133+00:00","nonpartisan","Street address not independently verified; published campus venue retained. LSE programme is generally free; only event-specific confirmed free prices retained Registration page requires client-side rendering; live availability/price not independently exposed Attendance routes: Attend in-person: https://lse360.my.site.com/events/s/event-signup?eId=a0iSq0000059Re1IAE | Attend online: https://lselive.eckoenterprise.net/events/20261015/welcome. Free food, free drinks and young-professional offers are unverified unless labelled."
"B1-15f4d6de3477","Masters of War: From Napoleon to Churchill","The Spectator","2026-10-15","2026-10-15T19:00:00+01:00","2026-10-15T18:15:00+01:00","","2026-10-15T20:30:00+01:00","Europe/London","in_person","The Library","6 Old Queen Street, London","","","£35–£45","Unknown unless explicitly stated in price","Unknown unless explicitly stated in access","Unknown","Advance booking; see event/ticket terms","Sold out for in-person attendance; livestream notification signup offered","Unknown; no refund or cancellation policy verified","Not positively confirmed","Not positively confirmed","Not positively confirmed","https://events.spectator.co.uk/events/masters-of-war-from-napoleon-to-churchill","https://events.spectator.co.uk/events/masters-of-war-from-napoleon-to-churchill","https://events.spectator.co.uk/events/masters-of-war-from-napoleon-to-churchill | https://events.spectator.co.uk/","EH-131","2026-10-06T14:56:00.452369+00:00","Not classified","Detail page explicitly states sold out | Arrival/doors time: 2026-10-15T18:15:00+01:00; distinct from programme start | Availability: Sold out for in-person attendance; livestream notification signup offered | Cancellation/refunds: Unknown; no refund or cancellation policy verified | Ideology not classified; affiliation does not establish the views of attendees or performers. Free food, free drinks and young-professional offers are unverified unless labelled."
"B3-2026-10-15-418b6ddb92","Two Cities Young Conservatives AGM 2026","Two Cities Young Conservatives","2026-10-15","2026-10-15T19:00:00+01:00","","","2026-10-15T20:00:00+01:00","Europe/London","hybrid","Private meeting space near Victoria, SW1, and Zoom","","London / online","England","Free; optional donation","See price field where verified; otherwise not published/verified","Unknown unless explicitly stated in access","Not published in retrieved event details","TCYC members only: Conservative Party members in Cities of London and Westminster aged under 30","Registration advertised","No cancellation notice found in sources checked; live status remains subject to organiser confirmation","Not positively confirmed","Not positively confirmed","Not positively confirmed","https://www.twocitiesconservatives.org.uk/events/two-cities-young-conservatives-agm-2026","https://www.twocitiesconservatives.org.uk/events/two-cities-young-conservatives-agm-2026","https://www.twocitiesconservatives.org.uk/events/two-cities-young-conservatives-agm-2026 | https://tickets.twocitiesconservatives.org.uk/events/twocitiesconservatives | https://www.twocitiesconservatives.org.uk/events","EH-058","2026-10-06T15:09:31.207957+00:00","Not classified","Venue and Zoom link sent to registered attendees. Committee nominations close midnight 7 October. | Availability: Registration advertised | Cancellation/refunds: No cancellation notice found in sources checked; live status remains subject to organiser confirmation | Ideology not classified; affiliation does not establish the views of attendees or performers. Free food, free drinks and young-professional offers are unverified unless labelled."
"eh-020-2026-10-15-25e84119d","Club Bingo","Fairwater Conservative Club","2026-10-15","2026-10-15T19:30:00+01:00","","","Unknown","Europe/London","in_person","Fairwater Conservative Club","61 Ely Road, Llandaff, Cardiff CF5 2BY","Cardiff","Wales","Unknown","Not stated","Unknown unless explicitly stated in access","Unknown","Members and guests only","Advertised; ticket availability not verified","Not stated","Not positively confirmed","Not positively confirmed","Not positively confirmed","https://www.fairwatercons.co.uk/copy-of-club-events","","https://www.fairwatercons.co.uk/copy-of-club-events | https://www.fairwatercons.co.uk/","EH-020","2026-10-06T15:09:31.207957+00:00","Not classified","Each occurrence is explicitly dated in the official 2026 calendar. | Availability: Advertised; ticket availability not verified | Cancellation/refunds: Not stated | Price and any booking fees are unknown | Ideology not classified; affiliation does not establish the views of attendees or performers. Free food, free drinks and young-professional offers are unverified unless labelled."
"B1-5e373dfc510f","Henry VIII, his wives and the Tudor court: History Tour","The Spectator","2026-10-16","2026-10-16T10:00:00+01:00","","","2026-10-16T16:00:00+01:00","Europe/London","in_person","Hampton Court Palace","Meet at Hampton Court Palace entrance; lunch at The Mitre","","","£250, taxes included; palace entrance and lunch included","No separate fee verified","Unknown unless explicitly stated in access","Unknown","Advance booking; see event/ticket terms","Sold out on official shop page","Unknown; refund terms not verified","Not positively confirmed","Not positively confirmed","Not positively confirmed","https://events.spectator.co.uk/events/henry-viii-his-wives-and-the-tudor-court-history-tour","https://shop.spectator.co.uk/products/henry-viii-his-wives-and-the-tudor-court-friday-16-october-hampton-court-palace-10am-4pm","https://events.spectator.co.uk/events/henry-viii-his-wives-and-the-tudor-court-history-tour | https://events.spectator.co.uk/ | https://shop.spectator.co.uk/products/henry-viii-his-wives-and-the-tudor-court-friday-16-october-hampton-court-palace-10am-4pm","EH-131","2026-10-06T14:56:00.452369+00:00","Not classified","Official shop states sold out; no separate booking fee verified | Palace entrance and lunch included | Availability: Sold out on official shop page | Cancellation/refunds: Unknown; refund terms not verified | Ideology not classified; affiliation does not establish the views of attendees or performers. Free food, free drinks and young-professional offers are unverified unless labelled."
"B3-2026-10-16-15e7a4f2d1","CPF Meeting – Waste & Recycling","Bracknell Conservatives","2026-10-16","2026-10-16T19:00:00+01:00","","","Unknown","Europe/London","online","Microsoft Teams","","Online, hosted in Bracknell","England","Unknown","See price field where verified; otherwise not published/verified","Unknown unless explicitly stated in access","Not applicable: online","Members receive Teams link by email. Non-members may request attendance from Cllr Dale Birch.","Listed; live ticket availability not verified","No cancellation notice found in sources checked; live status remains subject to organiser confirmation","Not positively confirmed","Not positively confirmed","Not positively confirmed","https://www.bracknellconservatives.org.uk/events/cpf-meeting-waste-recycling","https://www.bracknellconservatives.org.uk/events/cpf-meeting-waste-recycling","https://www.bracknellconservatives.org.uk/events/cpf-meeting-waste-recycling | https://www.bracknellconservatives.org.uk/events","EH-051","2026-10-06T15:09:31.207957+00:00","Not classified","No end time or admission price published. | Availability: Listed; live ticket availability not verified | Cancellation/refunds: No cancellation notice found in sources checked; live status remains subject to organiser confirmation | Price and any booking fees are unknown | Ideology not classified; affiliation does not establish the views of attendees or performers. Free food, free drinks and young-professional offers are unverified unless labelled."
"B1-5b5e68cbbc4d","London Youth Social","Society for the Protection of Unborn Children","2026-10-16","2026-10-16T19:00:00+01:00","","","2026-10-16T22:00:00+01:00","Europe/London","in_person","Venue disclosed after registration","London; exact address sent after confirmation","","","Free","Unknown unless explicitly stated in price","Unknown unless explicitly stated in access","Unknown","Ages 18–35 only; registration required","Unknown; current ticket availability not verified","Unknown; no refund or cancellation policy verified","Not positively confirmed","Not positively confirmed","Not positively confirmed","https://spuc.org.uk/event/london-youth-social-4/","https://spuc.org.uk/event/london-youth-social-4/","https://spuc.org.uk/event/london-youth-social-4/ | https://spuc.org.uk/about-spuc/events/","EH-009","2026-10-06T14:52:23.078773+00:00","Not classified","Drinks and snacks included | Availability: Unknown; current ticket availability not verified | Cancellation/refunds: Unknown; no refund or cancellation policy verified | Ideology not classified; affiliation does not establish the views of attendees or performers. Free food, free drinks and young-professional offers are unverified unless labelled."
"eh-014-2026-10-16-70f8eaf7f","Comedy Night","Canvey Island Conservative Club","2026-10-16","2026-10-16T20:30:00+01:00","2026-10-16T19:30:00+01:00","","Unknown","Europe/London","in_person","Canvey Island Conservative Club","Fielder House, 59 Long Road, Canvey Island SS8 0JA","Canvey Island, Essex","England","Members £15; non-members £20","Not stated","Unknown unless explicitly stated in access","Unknown","Member and non-member prices advertised","Advertised; ticket availability not verified","Not stated","Not positively confirmed","Not positively confirmed","Not positively confirmed","https://www.canveyislandconclub.co.uk/356011444","","https://www.canveyislandconclub.co.uk/356011444 | https://impro.usercontent.one/appid/oneComWsb/domain/canveyislandconclub.co.uk/media/canveyislandconclub.co.uk/onewebmedia/comedy.jpg | https://www.canveyislandconclub.co.uk/356011422","EH-014","2026-10-06T15:09:31.207957+00:00","Not classified","Poster displayed in official October 2026 programme. Ticket inventory not checked. | Arrival/doors time: 2026-10-16T19:30:00+01:00; distinct from programme start | Availability: Advertised; ticket availability not verified | Cancellation/refunds: Not stated | Ideology not classified; affiliation does not establish the views of attendees or performers. Free food, free drinks and young-professional offers are unverified unless labelled."
"eh-027-2026-10-17-e617d400e","Saturday Night Live Entertainment with Ian","North Enfield Conservative Club","2026-10-17","TBC","","","2026-10-17T23:15:00+01:00","Europe/London","in_person","North Enfield Social Club, Main Bar","278 Baker Street, Enfield EN1 3LD","Enfield, London","England","Unknown","Not stated","Unknown unless explicitly stated in access","Unknown","Private members’ club; check guest eligibility and event booking","Advertised; ticket availability not verified","Not stated","Not positively confirmed","Not positively confirmed","Not positively confirmed","https://neccenfieldnorth.co.uk/events.php","","https://neccenfieldnorth.co.uk/events.php | https://neccenfieldnorth.co.uk/ | https://neccenfieldnorth.co.uk/contact.php","EH-027","2026-10-06T15:09:31.207957+00:00","Not classified","Public calendar time may include doors/opening; separate programme start not stated. | Published calendar time: 2026-10-17T18:00:00+01:00; programme start is TBC | Availability: Advertised; ticket availability not verified | Cancellation/refunds: Not stated | Price and any booking fees are unknown | Ideology not classified; affiliation does not establish the views of attendees or performers. Free food, free drinks and young-professional offers are unverified unless labelled."
"B1-32a28706aea6","Battle of Ideas Festival 2026","Academy of Ideas","2026-10-17","2026-10-17T09:45:00+01:00","2026-10-17T09:00:00+01:00","","2026-10-18T18:30:00+01:00","Europe/London","in_person","Church House and The Abbey Centre","Great Smith Street, Westminster, London SW1P 3NZ","","","Standard weekend £150, concession £80; standard day £90, concession £55. Other associate/student tiers published; fees not verified.","Unknown unless explicitly stated in price","Unknown unless explicitly stated in access","Unknown","Festival ticket required; school pupils can request a free day ticket","Unknown; current ticket availability not verified","Refunds up to 1 day before event; Eventbrite fees may be non-refundable","Not positively confirmed","Not positively confirmed","Not positively confirmed","https://academyofideas.org.uk/event/battle-of-ideas-festival-2026/","https://www.eventbrite.co.uk/e/battle-of-ideas-2026-tickets-1851549427179","https://academyofideas.org.uk/event/battle-of-ideas-festival-2026/ | https://academyofideas.org.uk/events/ | https://www.battleofideas.org.uk/programme/saturday/ | https://www.battleofideas.org.uk/programme/sunday/ | https://www.battleofideas.org.uk/tickets/ | https://www.eventbrite.co.uk/e/battle-of-ideas-2026-tickets-1851549427179","EH-039","2026-10-06T15:07:27.317199+00:00","Not classified","Latest direct organiser rate page supersedes older web-cache early-bird rates | Booking fees and remaining Eventbrite inventory not yet verified | Underlying organiser event page contains stale2025 ticket links; current2026 link used | Eventbrite headline09:00 versus organiser welcome09:45; welcome used as programme start | Arrival/doors time: 2026-10-17T09:00:00+01:00; distinct from programme start | Availability: Unknown; current ticket availability not verified | Cancellation/refunds: Refunds up to 1 day before event; Eventbrite fees may be non-refundable | Ideology not classified; affiliation does not establish the views of attendees or performers. Free food, free drinks and young-professional offers are unverified unless labelled."
"B1-7cb6635505ed","The spiked podcast – Live","Academy of Ideas; spiked","2026-10-17","2026-10-17T12:15:00+01:00","","","2026-10-17T13:30:00+01:00","Europe/London","in_person","Harvey Goodwin Suite, Church House","Great Smith Street, Westminster, London SW1P 3NZ","","","Included in valid day/weekend Battle of Ideas ticket; see festival prices","Unknown unless explicitly stated in price","Unknown unless explicitly stated in access","Unknown","Festival ticket required","Unknown; current ticket availability not verified","Refunds up to 1 day before event; Eventbrite fees may be non-refundable","Not positively confirmed","Not positively confirmed","Not positively confirmed","https://www.battleofideas.org.uk/session/the-spiked-podcast-live-latest-in-politics-free-speech-and-the-culture-war/","https://www.eventbrite.co.uk/e/battle-of-ideas-2026-tickets-1851549427179","https://www.battleofideas.org.uk/session/the-spiked-podcast-live-latest-in-politics-free-speech-and-the-culture-war/ | https://www.battleofideas.org.uk/programme/saturday/ | https://www.battleofideas.org.uk/tickets/ | https://www.eventbrite.co.uk/e/battle-of-ideas-2026-tickets-1851549427179 | https://www.spiked-online.com/2026/10/02/see-our-podcasts-live-at-the-battle-of-ideas-festival/","EH-039 | EH-134","2026-10-06T15:07:27.317199+00:00","Not classified","Festival session, not a separately ticketed standalone event | Availability: Unknown; current ticket availability not verified | Cancellation/refunds: Refunds up to 1 day before event; Eventbrite fees may be non-refundable | Ideology not classified; affiliation does not establish the views of attendees or performers. Free food, free drinks and young-professional offers are unverified unless labelled. spiked advertises a 20% reader discount through the booking link in its 2 October 2026 announcement; eligibility, final price and availability must be checked at checkout."
"B2-RELATED-002","Meet your East Grinstead Councillors","East Grinstead and Uckfield Constituency Conservatives","2026-10-17","2026-10-17T13:00:00+01:00","","","2026-10-17T14:30:00+01:00","Europe/London","in_person","Queens Walk","Queens Walk, East Grinstead","","","Unknown","Unknown unless explicitly stated in price","Unknown unless explicitly stated in access","Unknown","Meet your councillors; no booking instructions published","No registration or capacity information published","Unknown; no refund or cancellation policy verified","Not positively confirmed","Not positively confirmed","Not positively confirmed","https://www.eastgrinsteadanduckfieldconservatives.org.uk/events/meet-your-east-grinstead-councillors-1","","https://www.eastgrinsteadanduckfieldconservatives.org.uk/events/meet-your-east-grinstead-councillors-1 | https://www.eastgrinsteadanduckfieldconservatives.org.uk/","EH-176","2026-10-06T15:12:30.597086+00:00","Not classified","Related association discovery; do not attribute hosting to Conservative South East Region. Age/membership and cancellation terms not stated. | Availability: No registration or capacity information published | Cancellation/refunds: Unknown; no refund or cancellation policy verified | Price and any booking fees are unknown | Ideology not classified; affiliation does not establish the views of attendees or performers. Free food, free drinks and young-professional offers are unverified unless labelled."
"B1-ac4999525f3c","Reform Salisbury Quarterly Members Meeting","Reform UK Salisbury","2026-10-17","2026-10-17T13:00:00+01:00","","","Unknown","Europe/London","in_person","Venue emailed to members","Salisbury area; precise venue private","","","Unknown","Unknown unless explicitly stated in price","Unknown unless explicitly stated in access","Unknown","Members; venue details emailed to members","Unknown; current ticket availability not verified","Unknown; no refund or cancellation policy verified","Not positively confirmed","Not positively confirmed","Not positively confirmed","https://www.reformsalisbury.co.uk/events/","https://www.reformsalisbury.co.uk/events/","https://www.reformsalisbury.co.uk/events/ | https://www.reformsalisbury.co.uk/news/reform-uk-salisbury-branch-hosts-sold-out-event/","EH-110","2026-10-06T14:52:23.078773+00:00","Not classified","End time and public ticket details not published | Availability: Unknown; current ticket availability not verified | Cancellation/refunds: Unknown; no refund or cancellation policy verified | Price and any booking fees are unknown | Ideology not classified; affiliation does not establish the views of attendees or performers. Free food, free drinks and young-professional offers are unverified unless labelled."
"B1-c56c7a362c7f","The Free Speech Union podcast – on the free speech frontline","Academy of Ideas; Free Speech Union","2026-10-17","2026-10-17T14:45:00+01:00","","","2026-10-17T16:15:00+01:00","Europe/London","in_person","Harvey Goodwin Suite, Church House","Great Smith Street, Westminster, London SW1P 3NZ","","","Included in valid day/weekend Battle of Ideas ticket; see festival prices","Unknown unless explicitly stated in price","Unknown unless explicitly stated in access","Unknown","Festival ticket required","Unknown; current ticket availability not verified","Refunds up to 1 day before event; Eventbrite fees may be non-refundable","Not positively confirmed","Not positively confirmed","Not positively confirmed","https://www.battleofideas.org.uk/session/podcast-live-the-free-speech-union-on-the-free-speech-frontline/","https://www.eventbrite.co.uk/e/battle-of-ideas-2026-tickets-1851549427179","https://www.battleofideas.org.uk/session/podcast-live-the-free-speech-union-on-the-free-speech-frontline/ | https://www.battleofideas.org.uk/programme/saturday/ | https://www.battleofideas.org.uk/tickets/ | https://www.eventbrite.co.uk/e/battle-of-ideas-2026-tickets-1851549427179","EH-039 | EH-005","2026-10-06T15:07:27.317199+00:00","Not classified","Festival session, not a separately ticketed standalone event | Availability: Unknown; current ticket availability not verified | Cancellation/refunds: Refunds up to 1 day before event; Eventbrite fees may be non-refundable | Ideology not classified; affiliation does not establish the views of attendees or performers. Free food, free drinks and young-professional offers are unverified unless labelled."
"B1-21a73a783df0","GB News Free Speech Nation with Josh Howie","Academy of Ideas; GB News","2026-10-17","2026-10-17T16:45:00+01:00","","","2026-10-17T18:15:00+01:00","Europe/London","in_person","Hoare Memorial Hall, Church House","Great Smith Street, Westminster, London SW1P 3NZ","","","Included in valid day/weekend Battle of Ideas ticket; see festival prices","Unknown unless explicitly stated in price","Unknown unless explicitly stated in access","Unknown","Festival ticket required","Unknown; current ticket availability not verified","Refunds up to 1 day before event; Eventbrite fees may be non-refundable","Not positively confirmed","Not positively confirmed","Not positively confirmed","https://www.battleofideas.org.uk/programme/saturday/","https://www.eventbrite.co.uk/e/battle-of-ideas-2026-tickets-1851549427179","https://www.battleofideas.org.uk/programme/saturday/ | https://www.battleofideas.org.uk/tickets/ | https://www.eventbrite.co.uk/e/battle-of-ideas-2026-tickets-1851549427179","EH-039 | EH-130","2026-10-06T15:07:27.317199+00:00","Not classified","Festival session, not a separately ticketed standalone event | Availability: Unknown; current ticket availability not verified | Cancellation/refunds: Refunds up to 1 day before event; Eventbrite fees may be non-refundable | Ideology not classified; affiliation does not establish the views of attendees or performers. Free food, free drinks and young-professional offers are unverified unless labelled."
"eh-011-2026-10-17-a33771204","Music Quiz","Benfleet Conservative Club","2026-10-17","2026-10-17T19:30:00+01:00","","","2026-10-17T23:00:00+01:00","Europe/London","in_person","Benfleet Conservative Club","69 High Street, South Benfleet, Essex SS7 1NA","Benfleet, Essex","England","Unknown","Not stated","Unknown unless explicitly stated in access","Unknown","Private club; members and guests should check event access. ACC Inter-Affiliation ticket holders welcomed.","Advertised; ticket availability not verified","Not stated","Not positively confirmed","Not positively confirmed","Not positively confirmed","https://benconclub.com/event/music-quiz/","","https://benconclub.com/event/music-quiz/ | https://benconclub.com/events/ | https://benconclub.com/contact-us/","EH-011","2026-10-06T15:09:31.207957+00:00","Not classified","No event ticket price or availability stated. Calendar date and times confirmed on linked event page. | Rendered local event time 19:30; site machine-readable timezone offset is inconsistent with UK BST. Confirm with venue if needed. | Availability: Advertised; ticket availability not verified | Cancellation/refunds: Not stated | Price and any booking fees are unknown | Ideology not classified; affiliation does not establish the views of attendees or performers. Free food, free drinks and young-professional offers are unverified unless labelled."
"regional-2026-10-17-chairmans-dinner","The Chairman’s Dinner","Rutland & Stamford Conservative Association","2026-10-17","2026-10-17T19:30:00+01:00","","","Unknown","Europe/London","in_person","Location in Medbourne; disclosed to booked guests 24 hours beforehand","","Medbourne","England","Not verified","Not separately stated; final checkout total not verified","Not stated","Not stated","Guests explicitly welcome","Advertised; live capacity not confirmed","Not stated in checked sources","Not positively confirmed","Not positively confirmed","Not positively confirmed","https://www.rutlandstamfordconservatives.com/events/chairmans-dinner","https://www.rutlandstamfordconservatives.com/events/chairmans-dinner","https://www.rutlandstamfordconservatives.com/events/chairmans-dinner | https://www.rutlandstamfordconservatives.com/events","EH-089","2026-10-06T15:09:31.207957+00:00","Not classified","Booking form due by 10 October to office@rutlandstamfordconservatives.com | Linked DOCX booking form download timed out, so its price/menu could not be verified | Venue intentionally withheld until 24 hours before the event | Availability: Advertised; live capacity not confirmed | Cancellation/refunds: Not stated in checked sources | Ideology not classified; affiliation does not establish the views of attendees or performers. Free food, free drinks and young-professional offers are unverified unless labelled."
"nc-002-2026-10-17-7e677fc7d","Circa 79 Punky Reggae Party","Promoter not stated; listed by Lewes Con Club","2026-10-17","2026-10-17T20:00:00+01:00","2026-10-17T19:30:00+01:00","","2026-10-17T23:00:00+01:00","Europe/London","in_person","Lewes Con Club","139 High Street, Lewes, East Sussex BN7 1XS","Lewes","England","Tickets from £10 + b/f:  wegottickets.com/f/20903","Not stated","Unknown unless explicitly stated in access","Unknown","18+","Advertised; ticket inventory not verified","Check ticket seller; venue does not manage most promoter tickets","Not positively confirmed","Not positively confirmed","Not positively confirmed","https://www.lewesconclub.com/events/circa-79-punky-reggae-party/","https://wegottickets.com/f/20903","https://www.lewesconclub.com/events/circa-79-punky-reggae-party/ | https://www.lewesconclub.com/ | https://www.lewesconclub.com/contact/","NC-002","2026-10-06T15:09:31.207957+00:00","Not classified","Arrival/doors time: 2026-10-17T19:30:00+01:00; distinct from programme start | Availability: Advertised; ticket inventory not verified | Cancellation/refunds: Check ticket seller; venue does not manage most promoter tickets | Ideology not classified; affiliation does not establish the views of attendees or performers. Free food, free drinks and young-professional offers are unverified unless labelled."
"B1-d714d05b5524","Free Speech Nation – studio audience","GB News","2026-10-18","TBC","2026-10-18T18:15:00+01:00","","Unknown","Europe/London","in_person","Studio adjacent to Paddington Station","London; precise venue on ticket","","","Free","Unknown unless explicitly stated in price","Unknown unless explicitly stated in access","Unknown","18+; apply for up to four tickets; randomly allocated; photo ID may be requested; ticket does not guarantee admission","Unknown; current ticket availability not verified","Unknown; no refund or cancellation policy verified","Not positively confirmed","Not positively confirmed","Not positively confirmed","https://www.sroaudiences.com/application.asp?show_id=460","https://www.sroaudiences.com/application.asp?show_id=460","https://www.sroaudiences.com/application.asp?show_id=460","EH-130","2026-10-06T14:52:23.078773+00:00","Not classified","Only authorised SRO ticketing source verified; all nine dates explicitly listed | Doors time is not programme start; start left TBC | Applications may be waitlisted; exact inventory not shown | Arrival/doors time: 2026-10-18T18:15:00+01:00; distinct from programme start | Availability: Unknown; current ticket availability not verified | Cancellation/refunds: Unknown; no refund or cancellation policy verified | Ideology not classified; affiliation does not establish the views of attendees or performers. Free food, free drinks and young-professional offers are unverified unless labelled."
"B1-8e76fd132bb3","Planet Normal – News and views from beyond the bubble","Academy of Ideas; The Telegraph","2026-10-18","2026-10-18T11:00:00+01:00","","","2026-10-18T12:30:00+01:00","Europe/London","in_person","Harvey Goodwin Suite, Church House","Great Smith Street, Westminster, London SW1P 3NZ","","","Included in valid day/weekend Battle of Ideas ticket; see festival prices","Unknown unless explicitly stated in price","Unknown unless explicitly stated in access","Unknown","Festival ticket required","Unknown; current ticket availability not verified","Refunds up to 1 day before event; Eventbrite fees may be non-refundable","Not positively confirmed","Not positively confirmed","Not positively confirmed","https://www.battleofideas.org.uk/session/podcast-live-planet-normal-views-from-beyond-the-bubble/","https://www.eventbrite.co.uk/e/battle-of-ideas-2026-tickets-1851549427179","https://www.battleofideas.org.uk/session/podcast-live-planet-normal-views-from-beyond-the-bubble/ | https://www.battleofideas.org.uk/programme/sunday/ | https://www.battleofideas.org.uk/tickets/ | https://www.eventbrite.co.uk/e/battle-of-ideas-2026-tickets-1851549427179","EH-039 | EH-132","2026-10-06T15:07:27.317199+00:00","Not classified","Festival session, not a separately ticketed standalone event | Availability: Unknown; current ticket availability not verified | Cancellation/refunds: Refunds up to 1 day before event; Eventbrite fees may be non-refundable | Ideology not classified; affiliation does not establish the views of attendees or performers. Free food, free drinks and young-professional offers are unverified unless labelled."
"LUC-1591e1286b3f","Dear You (2026): A Roundtable on Transnational Ties, Chinese Soft Power and Geopolitical Anxieties","University of Westminster","2026-10-18","2026-10-18T11:00:00+01:00","","","2026-10-18T12:30:00+01:00","Europe/London","online","Microsoft Teams","Online","","","Free","","","","Open to all; register to receive Teams link","","","Not positively confirmed","Not positively confirmed","Not positively confirmed","https://www.westminster.ac.uk/events/dear-you-2026-a-roundtable-on-transnational-ties-chinese-soft-power-and-geopolitical-anxieties","https://www.tickettailor.com/events/universityofwestminstercontemporarychinacentre/2437236","https://www.westminster.ac.uk/events/dear-you-2026-a-roundtable-on-transnational-ties-chinese-soft-power-and-geopolitical-anxieties","","2026-10-06T21:09:32.344297+00:00","nonpartisan","Free food, free drinks and young-professional offers are unverified unless labelled."
"B1-3f9f6275e8e8","The Spectator’s Coffee House Shots – Live","Academy of Ideas; The Spectator","2026-10-18","2026-10-18T12:45:00+01:00","","","2026-10-18T13:30:00+01:00","Europe/London","in_person","Harvey Goodwin Suite, Church House","Great Smith Street, Westminster, London SW1P 3NZ","","","Included in valid day/weekend Battle of Ideas ticket; see festival prices","Unknown unless explicitly stated in price","Unknown unless explicitly stated in access","Unknown","Festival ticket required","Unknown; current ticket availability not verified","Refunds up to 1 day before event; Eventbrite fees may be non-refundable","Not positively confirmed","Not positively confirmed","Not positively confirmed","https://www.battleofideas.org.uk/session/podcast-live-spectators-coffee-house-shots-2/","https://www.eventbrite.co.uk/e/battle-of-ideas-2026-tickets-1851549427179","https://www.battleofideas.org.uk/session/podcast-live-spectators-coffee-house-shots-2/ | https://www.battleofideas.org.uk/programme/sunday/ | https://www.battleofideas.org.uk/tickets/ | https://www.eventbrite.co.uk/e/battle-of-ideas-2026-tickets-1851549427179","EH-039 | EH-131","2026-10-06T15:07:27.317199+00:00","Not classified","Festival session, not a separately ticketed standalone event | Availability: Unknown; current ticket availability not verified | Cancellation/refunds: Refunds up to 1 day before event; Eventbrite fees may be non-refundable | Ideology not classified; affiliation does not establish the views of attendees or performers. Free food, free drinks and young-professional offers are unverified unless labelled."
"eh-014-2026-10-18-8d9489473","Steve Cherelle","Canvey Island Conservative Club","2026-10-18","2026-10-18T15:00:00+01:00","","","2026-10-18T18:00:00+01:00","Europe/London","in_person","Canvey Island Conservative Club","Fielder House, 59 Long Road, Canvey Island SS8 0JA","Canvey Island, Essex","England","Unknown","Not stated","Unknown unless explicitly stated in access","Unknown","Check guest eligibility and booking with club","Advertised; ticket availability not verified","Not stated","Not positively confirmed","Not positively confirmed","Not positively confirmed","https://www.canveyislandconclub.co.uk/356011444","","https://www.canveyislandconclub.co.uk/356011444 | https://impro.usercontent.one/appid/oneComWsb/domain/canveyislandconclub.co.uk/media/canveyislandconclub.co.uk/onewebmedia/Slide219.JPG | https://www.canveyislandconclub.co.uk/356011422","EH-014","2026-10-06T15:09:31.207957+00:00","Not classified","Poster displayed in official October 2026 programme. Ticket inventory not checked. | Availability: Advertised; ticket availability not verified | Cancellation/refunds: Not stated | Price and any booking fees are unknown | Ideology not classified; affiliation does not establish the views of attendees or performers. Free food, free drinks and young-professional offers are unverified unless labelled."
"B1-b8258f023cd0","Last Orders – the latest nanny state news","Academy of Ideas; spiked","2026-10-18","2026-10-18T15:45:00+01:00","","","2026-10-18T17:00:00+01:00","Europe/London","in_person","Harvey Goodwin Suite, Church House","Great Smith Street, Westminster, London SW1P 3NZ","","","Included in valid day/weekend Battle of Ideas ticket; see festival prices","Unknown unless explicitly stated in price","Unknown unless explicitly stated in access","Unknown","Festival ticket required","Unknown; current ticket availability not verified","Refunds up to 1 day before event; Eventbrite fees may be non-refundable","Not positively confirmed","Not positively confirmed","Not positively confirmed","https://www.battleofideas.org.uk/session/podcast-live-last-orders-the-latest-nanny-state-news/","https://www.eventbrite.co.uk/e/battle-of-ideas-2026-tickets-1851549427179","https://www.battleofideas.org.uk/session/podcast-live-last-orders-the-latest-nanny-state-news/ | https://www.battleofideas.org.uk/programme/sunday/ | https://www.battleofideas.org.uk/tickets/ | https://www.eventbrite.co.uk/e/battle-of-ideas-2026-tickets-1851549427179 | https://www.spiked-online.com/2026/10/02/see-our-podcasts-live-at-the-battle-of-ideas-festival/","EH-039 | EH-134","2026-10-06T15:07:27.317199+00:00","Not classified","Festival session, not a separately ticketed standalone event | Availability: Unknown; current ticket availability not verified | Cancellation/refunds: Refunds up to 1 day before event; Eventbrite fees may be non-refundable | Ideology not classified; affiliation does not establish the views of attendees or performers. Free food, free drinks and young-professional offers are unverified unless labelled. spiked advertises a 20% reader discount through the booking link in its 2 October 2026 announcement; eligibility, final price and availability must be checked at checkout."
"eh-020-2026-10-18-25e84119d","Club Bingo","Fairwater Conservative Club","2026-10-18","2026-10-18T19:30:00+01:00","","","Unknown","Europe/London","in_person","Fairwater Conservative Club","61 Ely Road, Llandaff, Cardiff CF5 2BY","Cardiff","Wales","Unknown","Not stated","Unknown unless explicitly stated in access","Unknown","Members and guests only","Advertised; ticket availability not verified","Not stated","Not positively confirmed","Not positively confirmed","Not positively confirmed","https://www.fairwatercons.co.uk/copy-of-club-events","","https://www.fairwatercons.co.uk/copy-of-club-events | https://www.fairwatercons.co.uk/","EH-020","2026-10-06T15:09:31.207957+00:00","Not classified","Each occurrence is explicitly dated in the official 2026 calendar. | Availability: Advertised; ticket availability not verified | Cancellation/refunds: Not stated | Price and any booking fees are unknown | Ideology not classified; affiliation does not establish the views of attendees or performers. Free food, free drinks and young-professional offers are unverified unless labelled."
"nc-002-2026-10-18-39f7f12ea","Fleetwood Mac Greatest Hits","Lewes Music Group","2026-10-18","2026-10-18T19:30:00+01:00","2026-10-18T19:00:00+01:00","","2026-10-18T22:30:00+01:00","Europe/London","in_person","Lewes Con Club","139 High Street, Lewes, East Sussex BN7 1XS","Lewes","England","Bar from 3:30pm. Doors 7:00pm. Starts 7:30pm. Please note that tickets on the door will be standing only and will cost £18.","Not stated","Unknown unless explicitly stated in access","Unknown","Members and non-members welcome; check event-specific age restrictions","Advertised; ticket inventory not verified","Check ticket seller; venue does not manage most promoter tickets","Not positively confirmed","Not positively confirmed","Not positively confirmed","https://www.lewesconclub.com/events/fleetwood-mac-greatest-hits/","https://fixr.co/event/fleetwood-mac-the-greatest-hits-tickets-375580158","https://www.lewesconclub.com/events/fleetwood-mac-greatest-hits/ | https://www.lewesconclub.com/ | https://www.lewesconclub.com/contact/","NC-002","2026-10-06T15:09:31.207957+00:00","Not classified","Arrival/doors time: 2026-10-18T19:00:00+01:00; distinct from programme start | Availability: Advertised; ticket inventory not verified | Cancellation/refunds: Check ticket seller; venue does not manage most promoter tickets | Ideology not classified; affiliation does not establish the views of attendees or performers. Free food, free drinks and young-professional offers are unverified unless labelled."
"eh-016-2026-10-18-72b4031b5","Dance Night","Cheadle Hulme Conservative Club","2026-10-18","2026-10-18T20:00:00+01:00","","","Unknown","Europe/London","in_person","Cheadle Hulme Conservative Club","Mellor Road, Cheadle Hulme SK8 5AT","Cheadle Hulme, Greater Manchester","England","£5 on the door","Not stated","Unknown unless explicitly stated in access","Unknown","Check membership and guest eligibility with organiser","Advertised; ticket availability not verified","Not stated","Not positively confirmed","Not positively confirmed","Not positively confirmed","https://www.cheadlehulmeconclub.org.uk/calendarofevents.html","","https://www.cheadlehulmeconclub.org.uk/calendarofevents.html | https://www.cheadlehulmeconclub.org.uk/whatshappening.html","EH-016","2026-10-06T15:09:31.207957+00:00","Not classified","Club warns that dates may change without notice. | Availability: Advertised; ticket availability not verified | Cancellation/refunds: Not stated | Ideology not classified; affiliation does not establish the views of attendees or performers. Free food, free drinks and young-professional offers are unverified unless labelled."
"eh-017-2026-10-18-46ddc1779","Kevin’s Quiz","Kevin Cope","2026-10-18","2026-10-18T20:00:00+01:00","","","2026-10-18T22:30:00+01:00","Europe/London","in_person","Court Barn Conservative Club, Lounge Bar","Court Barn Lane, Broom Way, Lee-on-the-Solent PO13 9NZ","Lee-on-the-Solent, Hampshire","England","Unknown","Not stated","Unknown unless explicitly stated in access","Unknown","Club event; guest eligibility and admission cost not stated","Advertised; ticket availability not verified","Not stated","Not positively confirmed","Not positively confirmed","Not positively confirmed","https://courtbarn.co.uk/event/kevins-quiz-18-october-2026/","","https://courtbarn.co.uk/event/kevins-quiz-18-october-2026/ | https://courtbarn.co.uk/events/","EH-017","2026-10-06T15:09:31.207957+00:00","Not classified","Availability: Advertised; ticket availability not verified | Cancellation/refunds: Not stated | Price and any booking fees are unknown | Ideology not classified; affiliation does not establish the views of attendees or performers. Free food, free drinks and young-professional offers are unverified unless labelled."
"LUC-a5842c0a30f3","The Waging of War","King's College London","2026-10-19","2026-10-19T12:30:00+01:00","","","2026-10-19T14:00:00+01:00","Europe/London","in_person","Dockrill Room (KIN 628), Strand Campus","Strand, London, WC2R 2LS","","","Free","","","","Public registration; advance booking required; tickets on sale when checked","on_sale","","Not positively confirmed","Not positively confirmed","Not positively confirmed","https://www.kcl.ac.uk/events/the-waging-of-war","https://www.eventbrite.co.uk/e/the-waging-of-war-tickets-2002511590072?aff=oddtdtcreator&_gl=1*c15g29*_up*MQ..*_ga*MjkyNDAyNjYzLjE3OTA2Nzc1NDE.*_ga_TQVES5V6SH*czE3OTA2Nzc1MzkkbzEkZzEkdDE3OTA2Nzc2OTEkajEzJGwwJGgw","https://www.kcl.ac.uk/events/the-waging-of-war | https://www.eventbrite.co.uk/e/the-waging-of-war-tickets-2002511590072","","2026-10-06T21:15:13.279036+00:00","foreign_policy","Free food, free drinks and young-professional offers are unverified unless labelled."
"LUE-228223ea2022","Why Europe Needs to Take Back the Diversity Principle: From Humboldt and Mill to America's Diversity","University College London (UCL)","2026-10-19","2026-10-19T13:00:00+01:00","","","2026-10-19T14:00:00+01:00","Europe/London","in_person","UCL Faculty of Laws","4-8 Endsleigh Gardens, London, WC1H 0EG, United Kingdom","","","Free","","","","Open to All; Pre-booking essential","","","Not positively confirmed","Not positively confirmed","Not positively confirmed","https://www.ucl.ac.uk/laws/events/2026/oct/why-europe-needs-take-back-diversity-principle-humboldt-and-mill-americas-diversity","https://www.eventbrite.co.uk/e/why-europe-needs-to-take-back-the-diversity-principle-tickets-2001023239375?aff=oddtdtcreator","https://www.ucl.ac.uk/laws/events/2026/oct/why-europe-needs-take-back-diversity-principle-humboldt-and-mill-americas-diversity | https://www.ucl.ac.uk/events/all-events?ucl_audience%5BPublic%5D=Public&0=39&page=4","LUE-UCL","2026-10-06T21:08:12.431360+00:00","law","Registration destination linked by organiser; live ticket availability not independently checked. Free food, free drinks and young-professional offers are unverified unless labelled."
"university-imperial-cop31-2026-10-19","Countdown to COP31: Accelerating Action in a World of Extremes","Imperial College London","2026-10-19","2026-10-19T17:00:00+01:00","","","2026-10-19T20:00:00+01:00","Europe/London","in_person","Location shared after registration","London","","","Free","Not independently verified","Not stated","","Open to all to register interest; invitation subject to available capacity; registration of interest does not guarantee attendance","Request to join visible; host approval and capacity limit apply","No cancellation or reschedule notice seen in checked source","Not positively confirmed","Not positively confirmed","Not positively confirmed","https://www.imperial.ac.uk/events/213705/countdown-to-cop31/","https://luma.com/qc4kzybs","https://www.imperial.ac.uk/events/213705/countdown-to-cop31/ | https://www.imperial.ac.uk/grantham/events/ | https://luma.com/qc4kzybs","","2026-10-08T13:00:00+00:00","foreign_policy","Official event is free and open to all to register interest. Luma confirms London, United Kingdom, host approval and private address. Registering interest does not guarantee attendance. Panel and networking reception together run 17:00–20:00 BST; separate segment times not stated. Free food, free drinks and young-professional offers are unverified unless labelled."
"LUC-1818127f32fb","Russia’s “Hybrid Warfare” against the West","King's College London","2026-10-19","2026-10-19T17:30:00+01:00","","","2026-10-19T19:00:00+01:00","Europe/London","in_person","Dockrill Room (KIN 628) , Strand Campus","Strand, London, WC2R 2LS","","","Free","","","","Public registration; advance booking required; tickets on sale when checked","on_sale","","Not positively confirmed","Not positively confirmed","Not positively confirmed","https://www.kcl.ac.uk/events/russias-hybrid-warfare-against-the-west","https://www.eventbrite.co.uk/e/russias-hybrid-warfare-against-the-west-tickets-2003003423158","https://www.kcl.ac.uk/events/russias-hybrid-warfare-against-the-west | https://www.eventbrite.co.uk/e/russias-hybrid-warfare-against-the-west-tickets-2003003423158","","2026-10-06T21:15:13.275591+00:00","foreign_policy","Free food, free drinks and young-professional offers are unverified unless labelled."
"LUE-d91cff8e8c6f","The First Social Democracy: A Conversation with Stephen Jones","University College London (UCL)","2026-10-19","2026-10-19T18:00:00+01:00","","","2026-10-19T19:30:00+01:00","Europe/London","in_person","Masaryk room","14-16 Taviton street, London, WC1H 0BW, United Kingdom","","","Free","","","","Open to All; Pre-booking essential","","","Not positively confirmed","Not positively confirmed","Not positively confirmed","https://www.ucl.ac.uk/arts-humanities/events/2026/oct/first-social-democracy-conversation-stephen-jones","https://www.eventbrite.co.uk/e/the-first-social-democracy-a-conversation-with-stephen-jones-tickets-1998480016527?aff=oddtdtcreator&_gl=1%2A1lb55qg%2A_up%2AMQ..%2A_ga%2AMjc5ODEwODMxLjE3ODcyMjM1NzY.%2A_ga_TQVES5V6SH%2AczE3ODcyMjM1NzUkbzEkZzAkdDE3ODcyMjM1NzUkajYwJGwwJGgw","https://www.ucl.ac.uk/arts-humanities/events/2026/oct/first-social-democracy-conversation-stephen-jones","","2026-10-06T21:07:21.551295+00:00","nonpartisan","Registration destination linked by organiser; live ticket availability not independently checked. Free food, free drinks and young-professional offers are unverified unless labelled."
"B1-f5495b4bf089","2026 Global Energy Security Index Launch with Oliver McPherson-Smith","Adam Smith Institute","2026-10-19","2026-10-19T18:30:00+01:00","2026-10-19T18:00:00+01:00","","2026-10-19T20:00:00+01:00","Europe/London","in_person","Adam Smith Institute","23 Great Smith Street, London SW1P 3DJ","","","Free","Unknown unless explicitly stated in price","Unknown unless explicitly stated in access","Unknown","Registration required; registration subject to host approval","Request to join; host approval required","Unknown; no refund or cancellation policy verified","Not positively confirmed","Not positively confirmed","Not positively confirmed","https://www.adamsmith.org/events/britains-energy-insecurity","https://luma.com/je8kcyel","https://www.adamsmith.org/events/britains-energy-insecurity | https://www.adamsmith.org/events/ | https://luma.com/je8kcyel","EH-190","2026-10-06T14:56:00.452369+00:00","Not classified","Refreshments/drinks explicitly advertised | Arrival/doors time: 2026-10-19T18:00:00+01:00; distinct from programme start | Availability: Request to join; host approval required | Cancellation/refunds: Unknown; no refund or cancellation policy verified | Ideology not classified; affiliation does not establish the views of attendees or performers. Free food, free drinks and young-professional offers are unverified unless labelled."
"B1-58828cf534b2","The Alternative Budget: Launch Event","Institute of Economic Affairs","2026-10-19","2026-10-19T18:30:00+01:00","2026-10-19T18:00:00+01:00","","Unknown","Europe/London","in_person","Institute of Economic Affairs","2 Lord North Street, Westminster, London SW 1P 3 LB","London","United Kingdom","Unknown","Unknown","Unknown","","Open to all; registration required; places strictly limited","Registration/RSVP link advertised; current capacity and form operation not independently verified","Unknown; no cancellation/rescheduling notice in inspected official sources","Not positively confirmed","Not positively confirmed","Not positively confirmed","https://economicaffairs.co.uk/p/invitation-the-alternative-budget","https://instituteofeconomicaffairs.beaconforms.com/form/951ad12f","https://iea.org.uk/events-upcoming/ | https://economicaffairs.co.uk/p/invitation-the-alternative-budget | https://instituteofeconomicaffairs.beaconforms.com/form/951ad12f","","2026-10-08T13:02:52.243251+00:00","other","Free food, free drinks and young-professional offers are unverified unless labelled."
"LUE-7a9a9bde1bc8","From crisis to stability to what? Greece in a fragmenting world","London School of Economics and Political Science (LSE)","2026-10-19","2026-10-19T18:30:00+01:00","","","2026-10-19T20:00:00+01:00","Europe/London","hybrid","LSE campus, venue tbc to ticketholders","","","","Unknown","","","","Public event; register using the organiser’s in-person or online attendance link","","","Not positively confirmed","Not positively confirmed","Not positively confirmed","https://www.lse.ac.uk/events/greece-in-a-fragmenting-world","https://lse360.my.site.com/events/s/event-signup?eId=a0iSq0000059NgrIAE","https://www.lse.ac.uk/events/greece-in-a-fragmenting-world | https://www.lse.ac.uk/Events","","2026-10-06T21:08:52.948292+00:00","foreign_policy","Exact campus venue will be confirmed to ticket holders. LSE programme is generally free; only event-specific confirmed free prices retained Registration page requires client-side rendering; live availability/price not independently exposed Attendance routes: Attend in-person: https://lse360.my.site.com/events/s/event-signup?eId=a0iSq0000059NgrIAE | Attend online: https://lselive.eckoenterprise.net/events/20261019/welcome. Free food, free drinks and young-professional offers are unverified unless labelled."
"LUE-dad01c594082","Reforming the British royal family: how the House of Windsor can survive the 21st century","London School of Economics and Political Science (LSE)","2026-10-19","2026-10-19T18:30:00+01:00","","","2026-10-19T20:00:00+01:00","Europe/London","hybrid","LSE campus, venue tbc to ticketholders","","","","Free","","","","Public event; register using the organiser’s in-person or online attendance link","","","Not positively confirmed","Not positively confirmed","Not positively confirmed","https://www.lse.ac.uk/european-institute/events/2026-27/reforming-the-british-royal-family-how-the-house-of-windsor-can-survive-the-21st-century","https://www.eventbrite.co.uk/e/2001545185530?aff=oddtdtcreator","https://www.lse.ac.uk/european-institute/events/2026-27/reforming-the-british-royal-family-how-the-house-of-windsor-can-survive-the-21st-century | https://www.lse.ac.uk/Events","","2026-10-06T21:08:58.975396+00:00","nonpartisan","Exact campus venue will be confirmed to ticket holders. Attendance routes: Attend in person: https://www.eventbrite.co.uk/e/2001545185530?aff=oddtdtcreator | Attend online: https://lse.zoom.us/webinar/register/WN_KIPRYuauRvmYVph1JjneqQ. Free food, free drinks and young-professional offers are unverified unless labelled."
"university-lse-public-sphere-2026-10-19","Rethinking the public sphere: space and society in an age of crisis","London School of Economics and Political Science (LSE)","2026-10-19","2026-10-19T18:30:00+01:00","","","2026-10-19T20:00:00+01:00","Europe/London","in_person","LSE campus, venue TBC to ticket holders","London; exact room/address to be confirmed","","","Unknown","Not independently verified","Not stated","","Explicitly in-person public event; consult organiser page for booking","See access and notes; live inventory not verified","No cancellation or reschedule notice seen in checked source","Not positively confirmed","Not positively confirmed","Not positively confirmed","https://www.lse.ac.uk/geography-and-environment/events/2026/rethinking-the-public-sphere","","https://www.lse.ac.uk/geography-and-environment/events/2026/rethinking-the-public-sphere","","2026-10-08T13:00:00+00:00","nonpartisan","Lecture on public life, inequality, political polarisation and urban governance. Fee, exact room, direct booking and inventory not exposed. Doors time not stated. Free food, free drinks and young-professional offers are unverified unless labelled."
"LUE-78655cd57b7a","America and the World After Trump","University College London (UCL)","2026-10-19","2026-10-19T18:30:00+01:00","","","2026-10-19T19:30:00+01:00","Europe/London","in_person","LG11","Bentham House, 4-8 Endsleigh Gardens, London, WC1H 0EG, United Kingdom","","","Free","","","","Open to All","","","Not positively confirmed","Not positively confirmed","Not positively confirmed","https://www.ucl.ac.uk/social-historical-sciences/events/2026/oct/america-and-world-after-trump","https://www.eventbrite.co.uk/e/america-and-the-world-after-trump-tickets-2002454364910?aff=oddtdtcreator&keep_tld=true","https://www.ucl.ac.uk/social-historical-sciences/events/2026/oct/america-and-world-after-trump | https://www.ucl.ac.uk/events/all-events?ucl_audience%5BPublic%5D=Public&0=39&page=4","","2026-10-06T21:07:14.956756+00:00","foreign_policy","Registration destination linked by organiser; live ticket availability not independently checked. Free food, free drinks and young-professional offers are unverified unless labelled."
"london-iq-gove-2026-10-19","The Intelligence Squared Economic Outlook, with Michael Gove","Intelligence Squared (UK)","2026-10-19","2026-10-19T19:00:00+01:00","","","2026-10-19T20:30:00+01:00","Europe/London","hybrid","Smith Square Hall","Smith Square, Westminster, London SW1P 3HA","","","£32 standard / £45 premium / limited £19.99 concessions; +8% online/phone booking fee","","","","Public ticket sale; concessions require proof of student status, qualifying benefits or disability","","","Not positively confirmed","Not positively confirmed","Not positively confirmed","https://www.intelligencesquared.com/events/the-intelligence-squared-economic-outlook-with-michael-gove","https://www.sinfoniasmithsq.org.uk/book-online/102601","https://www.intelligencesquared.com/events/the-intelligence-squared-economic-outlook-with-michael-gove | https://www.intelligencesquared.com/calendar | https://www.sinfoniasmithsq.org.uk/event/the-intelligence-squared-economic-outlook-with-michael-gove/","","2026-10-06T21:08:17.000266+00:00","nonpartisan","Online registration route and price not separately verified despite organiser hybrid heading Booking page did not load in web tool; live seat inventory not verified; venue page contains hidden multiple stock-status templates, not taken as sold-out evidence Free food, free drinks and young-professional offers are unverified unless labelled."
"LUC-d8fa2463ce9c","Book Talk: 'We Shall Outlast Them: Putin's Global Campaign to Defeat the West' with Dr Hanna Notte","King's College London","2026-10-20","2026-10-20T13:00:00+01:00","","","2026-10-20T14:15:00+01:00","Europe/London","in_person","Dockrill Room (KIN 628), King's Building","Strand Campus, Strand, London, WC2R 2LS","","","Free","","","","General Admission tickets available; booking required","registration_advertised","","Not positively confirmed","Not positively confirmed","Not positively confirmed","https://www.kcl.ac.uk/events/book-talk-we-shall-outlast-them-putins-global-campaign-to-defeat-the-west-with-hanna-notte","https://buytickets.at/centreforstatecraftandnationalsecurity/2360617","https://www.kcl.ac.uk/events/book-talk-we-shall-outlast-them-putins-global-campaign-to-defeat-the-west-with-hanna-notte | https://buytickets.at/centreforstatecraftandnationalsecurity/2360617","","2026-10-06T21:16:50.243653+00:00","foreign_policy","Free food, free drinks and young-professional offers are unverified unless labelled."
"LUE-80519c9d0456","Watchdogs of Democracy: The Transformation of the Mexican Press - an Insider’s Perspective","University College London (UCL)","2026-10-20","2026-10-20T13:00:00+01:00","","","2026-10-20T15:00:00+01:00","Europe/London","in_person","Room 731","Institute of Education, 20 Bedford Way, London, WC1H 0AL, United Kingdom","","","Free","","","","Open to All; Pre-booking essential","","","Not positively confirmed","Not positively confirmed","Not positively confirmed","https://www.ucl.ac.uk/social-historical-sciences/events/2026/oct/watchdogs-democracy-transformation-mexican-press-insiders-perspective","https://www.eventbrite.co.uk/e/watchdogs-of-democracy-the-transformation-of-the-mexican-press-tickets-2000992336945","https://www.ucl.ac.uk/social-historical-sciences/events/2026/oct/watchdogs-democracy-transformation-mexican-press-insiders-perspective | https://www.ucl.ac.uk/events/all-events?ucl_audience%5BPublic%5D=Public&0=39&page=5","","2026-10-06T21:08:02.923606+00:00","nonpartisan","Registration destination linked by organiser; live ticket availability not independently checked. Free food, free drinks and young-professional offers are unverified unless labelled."
"LUE-9877aea3480b","How should we assess different options for the voting system?","University College London (UCL)","2026-10-20","2026-10-20T13:00:00+01:00","","","2026-10-20T14:00:00+01:00","Europe/London","online","Online","","","","Free","","","","Open to All; Pre-booking essential","","","Not positively confirmed","Not positively confirmed","Not positively confirmed","https://www.ucl.ac.uk/social-historical-sciences/events/2026/oct/how-should-we-assess-different-options-voting-system","https://ucl.zoom.us/webinar/register/7817907815971/WN_rPeVEVnrTeivJVvxTYPdMQ","https://www.ucl.ac.uk/social-historical-sciences/events/2026/oct/how-should-we-assess-different-options-voting-system | https://www.ucl.ac.uk/events/all-events?ucl_audience%5BPublic%5D=Public&0=39&page=5","","2026-10-06T21:07:14.972280+00:00","nonpartisan","Registration destination linked by organiser; live ticket availability not independently checked. Free food, free drinks and young-professional offers are unverified unless labelled."
"LUE-f0b5cf763358","EU Environmental Law at 50 – Legacy and Lessons for the UK","University College London (UCL)","2026-10-20","2026-10-20T18:00:00+01:00","","","2026-10-20T20:00:00+01:00","Europe/London","in_person","UCL Faculty of Laws","Bentham House, Endsleigh Gardens, London, WC1H 0EG, United Kingdom","","","Free","","","","Open to All; Pre-booking essential","","","Not positively confirmed","Not positively confirmed","Not positively confirmed","https://www.ucl.ac.uk/laws/events/2026/oct/eu-environmental-law-50-legacy-and-lessons-uk","https://www.eventbrite.co.uk/e/eu-environmental-law-at-50-legacy-and-lessons-for-the-uk-tickets-2000611587112","https://www.ucl.ac.uk/laws/events/2026/oct/eu-environmental-law-50-legacy-and-lessons-uk | https://www.ucl.ac.uk/events/all-events?ucl_audience%5BPublic%5D=Public&0=39&page=5","LUE-UCL","2026-10-06T21:08:02.930072+00:00","law","Registration destination linked by organiser; live ticket availability not independently checked. Free food, free drinks and young-professional offers are unverified unless labelled."
"LUE-a46a98d06740","Russian active measures under Putin: how should Europe respond?","London School of Economics and Political Science (LSE)","2026-10-20","2026-10-20T18:30:00+01:00","","","2026-10-20T20:00:00+01:00","Europe/London","hybrid","LSE campus, venue tbc to ticketholders","","","","Free","","","","Public event; advance registration required","","","Not positively confirmed","Not positively confirmed","Not positively confirmed","https://www.lse.ac.uk/school-of-public-policy/events/2026-27/russian-active-measures-under-putin-how-should-europe-respond","https://www.eventbrite.co.uk/e/russian-active-measures-under-putin-how-should-europe-respond-tickets-2001390122733?aff=oddtdtcreator","https://www.lse.ac.uk/school-of-public-policy/events/2026-27/russian-active-measures-under-putin-how-should-europe-respond | https://www.lse.ac.uk/Events","","2026-10-06T21:09:00.507273+00:00","foreign_policy","Exact campus venue will be confirmed to ticket holders. Online attendance: https://lse.zoom.us/webinar/register/WN_ysdEceddSwu0sgSMwz2a6A#/registration. Free food, free drinks and young-professional offers are unverified unless labelled."
"LUE-e0c4ecc165a6","The good, the black and the boujee: how black Britain became middle class","London School of Economics and Political Science (LSE)","2026-10-20","2026-10-20T18:30:00+01:00","","","2026-10-20T20:00:00+01:00","Europe/London","hybrid","Hong Kong Theatre, Clement House","","","","Free","","","","Public event; advance registration required","","","Not positively confirmed","Not positively confirmed","Not positively confirmed","https://www.lse.ac.uk/events/black-britain","https://lse360.my.site.com/events/s/event-signup?eId=a0iSq0000059Rm5IAE","https://www.lse.ac.uk/events/black-britain | https://www.lse.ac.uk/Events","","2026-10-06T21:09:01.118290+00:00","nonpartisan","Street address not independently verified; published campus venue retained. Exact LSE360 registration link is verified, but its live page returned a JavaScript/CSS error to read-only fetching; inventory not verified Online attendance: https://lselive.eckoenterprise.net/events/20261020/welcome. Free food, free drinks and young-professional offers are unverified unless labelled."
"LUC-92b8b0ebf203","Can multilateralism survive the planetary crises?","SOAS University of London","2026-10-20","2026-10-20T18:30:00+01:00","","","2026-10-20T19:45:00+01:00","Europe/London","in_person","BGLT, SOAS Gallery Building","SOAS Gallery, Thornhaugh Street, Russell Square, London WC1H 0XG","","","Free","","","","Public registration; booking required","","","Not positively confirmed","Not positively confirmed","Not positively confirmed","https://www.soas.ac.uk/about/event/can-multilateralism-survive-planetary-crises","https://cisduneplecture.eventbrite.com/?aff=soasw1","https://www.soas.ac.uk/about/event/can-multilateralism-survive-planetary-crises | https://cisduneplecture.eventbrite.com/?aff=soasw1","","2026-10-06T21:16:56.058128+00:00","foreign_policy","Free food, free drinks and young-professional offers are unverified unless labelled."
"LUE-aa3726ce751b","Book Launch “Demographic Anxieties” (Gala Rexer)","University College London (UCL)","2026-10-20","2026-10-20T18:30:00+01:00","","","2026-10-20T20:00:00+01:00","Europe/London","in_person","Common Ground, Room G11, Ground Floor, South Wing, UCL","Gower Street, London WC1E 6BT, United Kingdom","","","Free","","","","Open to all; booking link published","","","Not positively confirmed","Not positively confirmed","Not positively confirmed","https://www.ucl.ac.uk/institute-of-advanced-studies/events/2026/oct/book-launch-demographic-anxieties-gala-rexer","https://www.eventbrite.co.uk/e/book-launch-demographic-anxieties-gala-rexer-tickets-1996252754727?aff=oddtdtcreator&_gl=1%2A1f6c3xx%2A_up%2AMQ..%2A_ga%2AMTUzODIzNTkyNC4xNzg1ODQwNzE0%2A_ga_TQVES5V6SH%2AczE3ODU4NDA3MTMkbzEkZzAkdDE3ODU4NDA3MTMkajYwJGwwJGgw","https://www.ucl.ac.uk/institute-of-advanced-studies/events/2026/oct/book-launch-demographic-anxieties-gala-rexer","","2026-10-06T21:08:02.930768+00:00","foreign_policy","Some speakers join online; audience livestream access is not established. Organiser page states availability; live Eventbrite ticket inventory not independently checked. Free food, free drinks and young-professional offers are unverified unless labelled."
"london-iq-arctic-2026-10-20","The Battle for the Arctic and the New World Order, with Rana Foroohar and Gillian Tett","Intelligence Squared (UK)","2026-10-20","2026-10-20T19:00:00+01:00","","","2026-10-20T20:30:00+01:00","Europe/London","in_person","Swedenborg House","20–21 Bloomsbury Way, Holborn, London WC1A 2TH","","","Unknown","","","","Public ticket sale through organiser-linked Eventbrite","","","Not positively confirmed","Not positively confirmed","Not positively confirmed","https://www.intelligencesquared.com/events/the-battle-for-the-arctic-and-the-new-world-order-with-rana-foroohar-and-gillian-tett","https://www.eventbrite.co.uk/e/1998540358010","https://www.intelligencesquared.com/events/the-battle-for-the-arctic-and-the-new-world-order-with-rana-foroohar-and-gillian-tett | https://www.intelligencesquared.com/calendar","","2026-10-06T21:08:17.000587+00:00","foreign_policy","Eventbrite unavailable in research tool; ticket price, fees and current inventory unverified Cost detail: Unknown; ticketed Free food, free drinks and young-professional offers are unverified unless labelled."
"eh-014-2026-10-20-7b70c2901","Bella Bingo Night","Canvey Island Conservative Club","2026-10-20","2026-10-20T20:00:00+01:00","","","Unknown","Europe/London","in_person","Canvey Island Conservative Club","Fielder House, 59 Long Road, Canvey Island SS8 0JA","Canvey Island, Essex","England","Members £20; non-members £22.50; bingo books included; cash only","Not stated","Unknown unless explicitly stated in access","Unknown","Member and non-member prices advertised","Advertised; ticket availability not verified","Not stated","Not positively confirmed","Not positively confirmed","Not positively confirmed","https://www.canveyislandconclub.co.uk/356011444","","https://www.canveyislandconclub.co.uk/356011444 | https://impro.usercontent.one/appid/oneComWsb/domain/canveyislandconclub.co.uk/media/canveyislandconclub.co.uk/onewebmedia/image0%20(7).jpeg | https://www.canveyislandconclub.co.uk/356011422","EH-014","2026-10-06T15:09:31.207957+00:00","Not classified","Poster displayed in official October 2026 programme. Ticket inventory not checked. | Availability: Advertised; ticket availability not verified | Cancellation/refunds: Not stated | Ideology not classified; affiliation does not establish the views of attendees or performers. Free food, free drinks and young-professional offers are unverified unless labelled."
"eh-015-2026-10-20-efd5e27a4","Turkish Evening","Carlton Club","2026-10-20","2026-10-20T20:00:00+01:00","2026-10-20T19:30:00+01:00","","Unknown","Europe/London","in_person","Carlton Club","69 St James’s Street, London SW1A 1PJ","London","England","£85 members and guests","Not stated","Unknown unless explicitly stated in access","Unknown","Members and guests","Advertised; ticket availability not verified","Not stated","Not positively confirmed","Not positively confirmed","Not positively confirmed","https://carltonclub.co.uk/members-area/events/turkish-evening/","","https://carltonclub.co.uk/members-area/events/turkish-evening/ | https://carltonclub.co.uk/wp-content/uploads/2026/09/Turkish-Evening-20.10.26.pdf | https://carltonclub.co.uk/members-area/events/ | https://carltonclub.co.uk/the-club/","EH-015","2026-10-06T15:09:31.207957+00:00","Not classified","Arrival/doors time: 2026-10-20T19:30:00+01:00; distinct from programme start | Availability: Advertised; ticket availability not verified | Cancellation/refunds: Not stated | Ideology not classified; affiliation does not establish the views of attendees or performers. Free food, free drinks and young-professional offers are unverified unless labelled."
"nc-002-2026-10-21-8b4b99792","Martha Tilston + Eliot Biddle","Love Thy Neighbour Presents Martha Tilston","2026-10-21","TBC","2026-10-21T19:30:00+01:00","","2026-10-21T22:30:00+01:00","Europe/London","in_person","Lewes Con Club","139 High Street, Lewes, East Sussex BN7 1XS","Lewes","England","Unknown","Not stated","Unknown unless explicitly stated in access","Unknown","Members and non-members welcome; check event-specific age restrictions","Advertised; ticket inventory not verified","Check ticket seller; venue does not manage most promoter tickets","Not positively confirmed","Not positively confirmed","Not positively confirmed","https://www.lewesconclub.com/events/martha-tilston-3/","https://lovethyneighbour.seetickets.com/event/martha-tilston/lewes-con-club/3605683","https://www.lewesconclub.com/events/martha-tilston-3/ | https://www.lewesconclub.com/ | https://www.lewesconclub.com/contact/","NC-002","2026-10-06T15:09:31.207957+00:00","Not classified","Calendar incorrectly shows 07:30–10:30; event body says doors 19:30–22:30. Programme start is not stated. | Arrival/doors time: 2026-10-21T19:30:00+01:00; distinct from programme start | Availability: Advertised; ticket inventory not verified | Cancellation/refunds: Check ticket seller; venue does not manage most promoter tickets | Price and any booking fees are unknown | Ideology not classified; affiliation does not establish the views of attendees or performers. Free food, free drinks and young-professional offers are unverified unless labelled."
"eh-027-2026-10-21-f0a221bf0","The Ultimate Everly’s Tribute Act","North Enfield Conservative Club","2026-10-21","TBC","","","2026-10-21T23:00:00+01:00","Europe/London","in_person","North Enfield Social Club, Main Bar","278 Baker Street, Enfield EN1 3LD","Enfield, London","England","Unknown","Not stated","Unknown unless explicitly stated in access","Unknown","Private members’ club; check guest eligibility and event booking","Advertised; ticket availability not verified","Not stated","Not positively confirmed","Not positively confirmed","Not positively confirmed","https://neccenfieldnorth.co.uk/events.php","","https://neccenfieldnorth.co.uk/events.php | https://neccenfieldnorth.co.uk/ | https://neccenfieldnorth.co.uk/contact.php","EH-027","2026-10-06T15:09:31.207957+00:00","Not classified","Public calendar time may include doors/opening; separate programme start not stated. | Published calendar time: 2026-10-21T18:30:00+01:00; programme start is TBC | Availability: Advertised; ticket availability not verified | Cancellation/refunds: Not stated | Price and any booking fees are unknown | Ideology not classified; affiliation does not establish the views of attendees or performers. Free food, free drinks and young-professional offers are unverified unless labelled."
"B1-3165839eda32","The Rise of Solopreneurship: AI, Work and the Future of Self-Employment","The Entrepreneurs Network","2026-10-21","2026-10-21T08:30:00+01:00","","","2026-10-21T10:00:00+01:00","Europe/London","in_person","House of Lords","House of Lords, Houses of Parliament, Parliament Square, London SW1A 0PW","","","Free","Unknown unless explicitly stated in price","Unknown unless explicitly stated in access","Unknown","Request a place; patrons, advisers and supporters given priority; relevant professional audience","Request to join; host approval required","Unknown; no refund or cancellation policy verified","Not positively confirmed","Not positively confirmed","Not positively confirmed","https://www.tenentrepreneurs.org/events/solopreneurship","https://luma.com/rg0mg663","https://www.tenentrepreneurs.org/events/solopreneurship | https://www.tenentrepreneurs.org/events/ | https://luma.com/event/evt-F5OPsNM3PUdC2xY | https://luma.com/rg0mg663","EH-201","2026-10-06T14:56:00.452369+00:00","Not classified","Availability: Request to join; host approval required | Cancellation/refunds: Unknown; no refund or cancellation policy verified | Ideology not classified; affiliation does not establish the views of attendees or performers. Free food, free drinks and young-professional offers are unverified unless labelled."
"LUE-0249b25da434","China-Latin America Relations in the Era of the Donroe Doctrine","University College London (UCL)","2026-10-21","2026-10-21T13:00:00+01:00","","","2026-10-21T15:00:00+01:00","Europe/London","in_person","Room 103","51 Gordon Square, London, WC1H 0PN, United Kingdom","","","Free","","","","Open to All; Pre-booking essential","","","Not positively confirmed","Not positively confirmed","Not positively confirmed","https://www.ucl.ac.uk/social-historical-sciences/events/2026/oct/china-latin-america-relations-era-donroe-doctrine","https://www.eventbrite.co.uk/e/china-latin-america-relations-in-the-era-of-the-donroe-doctrine-tickets-2000994544548","https://www.ucl.ac.uk/social-historical-sciences/events/2026/oct/china-latin-america-relations-era-donroe-doctrine | https://www.ucl.ac.uk/events/all-events?ucl_audience%5BPublic%5D=Public&0=39&page=5","","2026-10-06T21:08:02.931208+00:00","foreign_policy","Registration destination linked by organiser; live ticket availability not independently checked. Free food, free drinks and young-professional offers are unverified unless labelled."
"LUE-d55c1304a12c","The end of civilisation vs antitrust: agreeing on the pace of AI innovation?","University College London (UCL)","2026-10-21","2026-10-21T14:00:00+01:00","","","2026-10-21T16:30:00+01:00","Europe/London","online","Online","","","","Free","","","","Open to All; Pre-booking essential","","","Not positively confirmed","Not positively confirmed","Not positively confirmed","https://www.ucl.ac.uk/laws/events/2026/oct/end-civilisation-vs-antitrust-agreeing-pace-ai-innovation","https://lu-se.zoom.us/webinar/register/WN_mGZzsi6CRPa5tlAmQ7gsRg","https://www.ucl.ac.uk/laws/events/2026/oct/end-civilisation-vs-antitrust-agreeing-pace-ai-innovation | https://www.ucl.ac.uk/events/all-events?ucl_audience%5BPublic%5D=Public&0=39&page=5","LUE-UCL","2026-10-06T21:08:06.286659+00:00","law","Registration destination linked by organiser; live ticket availability not independently checked. Free food, free drinks and young-professional offers are unverified unless labelled."
"LUE-a0873543bce0","Gender, Geopolitics and Environmental Crisis: A Focus on Contemporary Health Challenges","University College London (UCL)","2026-10-21","2026-10-21T15:00:00+01:00","","","2026-10-21T18:00:00+01:00","Europe/London","in_person","UCL London; exact venue will be emailed to registered attendees","","","","Free","","","","Public registration; booking essential and checked at the door","","","Not positively confirmed","Not positively confirmed","Not positively confirmed","https://www.ucl.ac.uk/social-historical-sciences/events/2026/oct/gender-geopolitics-and-environmental-crisis-focus-contemporary-health-challenges","https://www.eventbrite.co.uk/e/gender-geopolitics-and-environmental-crisis-tickets-2002627763550","https://www.ucl.ac.uk/social-historical-sciences/events/2026/oct/gender-geopolitics-and-environmental-crisis-focus-contemporary-health-challenges | https://www.ucl.ac.uk/events/all-events?ucl_audience%5BPublic%5D=Public&0=39&page=6","","2026-10-06T21:08:11.543020+00:00","foreign_policy","Registration destination linked by organiser; live ticket availability not independently checked. Venue is explicitly TBA. Free food, free drinks and young-professional offers are unverified unless labelled."
"LUC-f2531f158080","MCCI Connect: China and the changing geopolitics of global communication","City St George's, University of London / Bayes Business School","2026-10-21","2026-10-21T17:00:00+01:00","","","2026-10-21T19:00:00+01:00","Europe/London","hybrid","Room ELG02, and online","Northampton Square, London EC1V 0HB","","","Free","","","","Public; free registration advertised","","","Not positively confirmed","Not positively confirmed","Not positively confirmed","https://www.citystgeorges.ac.uk/news-and-events/events/2026/october/mcci-connect-china-and-the-changing-geopolitics-of-global-communication","https://cityunilondon.eu.qualtrics.com/jfe/form/SV_cMBJH8em7OnZtWu","https://www.citystgeorges.ac.uk/news-and-events/events/2026/october/mcci-connect-china-and-the-changing-geopolitics-of-global-communication","","2026-10-06T21:11:40.570884+00:00","foreign_policy","Detail page local time used; index lists the same instant in GMT/UTC Free food, free drinks and young-professional offers are unverified unless labelled."
"LUE-9c630e4a8f89","Book Roundtable: When Authoritarians Speak the Language of Emancipation","University College London (UCL)","2026-10-21","2026-10-21T17:00:00+01:00","","","2026-10-21T19:00:00+01:00","Europe/London","in_person","Masaryk room","14-16 Taviton street, London, WC1H 0BW, United Kingdom","","","Free","","","","Open to All; Pre-booking essential","","","Not positively confirmed","Not positively confirmed","Not positively confirmed","https://www.ucl.ac.uk/arts-humanities/events/2026/oct/book-roundtable-when-authoritarians-speak-language-emancipation","https://www.eventbrite.co.uk/e/book-roundtable-when-authoritarians-speak-the-language-of-emancipation-tickets-2000435220595?aff=oddtdtcreator&_gl=1%2A1qf2wvy%2A_up%2AMQ..%2A_ga%2AMTMyNTg5NDAzOS4xNzg5MDUwMjUy%2A_ga_TQVES5V6SH%2AczE3ODkwNTAyNTEkbzEkZzAkdDE3ODkwNTAyNTEkajYwJGwwJGgw","https://www.ucl.ac.uk/arts-humanities/events/2026/oct/book-roundtable-when-authoritarians-speak-language-emancipation","","2026-10-06T21:07:21.680295+00:00","nonpartisan","Registration destination linked by organiser; live ticket availability not independently checked. Free food, free drinks and young-professional offers are unverified unless labelled."
"LUE-3f2392c0d545","Building a Successful International Maritime Court: Lessons for International Commercial Justice","University College London (UCL)","2026-10-21","2026-10-21T18:00:00+01:00","2026-10-21T17:30:00+01:00","","2026-10-21T19:30:00+01:00","Europe/London","hybrid","UCL Faculty of Laws","Endsleigh Gardens, London WC1H 0EG","","","Free","","","","Open to All; Pre-booking essential","","","Not positively confirmed","Not positively confirmed","Not positively confirmed","https://www.ucl.ac.uk/laws/events/2026/oct/building-successful-international-maritime-court-lessons-international-commercial-justice","https://www.eventbrite.co.uk/e/building-a-successful-international-maritime-court-tickets-2001164159872?aff=oddtdtcreator","https://www.ucl.ac.uk/laws/events/2026/oct/building-successful-international-maritime-court-lessons-international-commercial-justice | https://www.ucl.ac.uk/events/all-events?ucl_audience%5BPublic%5D=Public&0=39&page=6 | https://www.eventbrite.co.uk/e/building-a-successful-international-maritime-court-tickets-2001164159872?aff=oddtdtcreator","LUE-UCL","2026-10-06T21:08:11.570374+00:00","law","Registration destination linked by organiser; live ticket availability not independently checked. Physical venue and 17:30 registration/18:00 start/19:30 finish confirmed on organiser’s linked Eventbrite page. Refreshment contents and whether complimentary are not specified. Online attendance: https://ucl.zoom.us/webinar/register/WN_XOqjKhbdS9S_nIEMTTOrRg. Free food, free drinks and young-professional offers are unverified unless labelled."
"LUE-ed86a4076afb","Easting the west: theorizing the postliberal conjuncture from China","London School of Economics and Political Science (LSE)","2026-10-21","2026-10-21T18:15:00+01:00","","","2026-10-21T19:30:00+01:00","Europe/London","in_person","MAR 2.08, Marshall Building","Marshall Building, 44 Lincoln's Inn Fields, London WC2A 3LY","","","Free","","","","Public event; advance registration required","","","Not positively confirmed","Not positively confirmed","Not positively confirmed","https://www.lse.ac.uk/international-relations/events/2026/easting-the-west-theorizing-the-postliberal-conjuncture-from-china","https://www.eventbrite.co.uk/e/1999676797130?aff=oddtdtcreator","https://www.lse.ac.uk/international-relations/events/2026/easting-the-west-theorizing-the-postliberal-conjuncture-from-china | https://www.lse.ac.uk/Events","","2026-10-06T21:09:01.120727+00:00","foreign_policy","Street address not independently verified; published campus venue retained. Free food, free drinks and young-professional offers are unverified unless labelled."
"LUE-8f63288e1683","A collectivist, economic perspective on AI","London School of Economics and Political Science (LSE)","2026-10-21","2026-10-21T18:30:00+01:00","","","2026-10-21T19:45:00+01:00","Europe/London","hybrid","Old Theatre, Old Building","","","","Unknown","","","","Public event; advance registration required","","","Not positively confirmed","Not positively confirmed","Not positively confirmed","https://www.lse.ac.uk/events/economic-perspective-on-ai","https://lse360.my.site.com/events/s/event-signup?eId=a0iSq0000059emXIAQ","https://www.lse.ac.uk/events/economic-perspective-on-ai | https://www.lse.ac.uk/Events","","2026-10-06T21:09:01.147956+00:00","nonpartisan","Street address not independently verified; published campus venue retained. Do not infer free pricing from the LSE programme: official FAQ says the vast majority of events are free, not all. Event-specific price was not verified. Exact LSE360 registration link is verified, but its live page returned a JavaScript/CSS error to read-only fetching; inventory not verified Cost detail: Not stated in the accessible event/booking source Online attendance: https://lselive.eckoenterprise.net/events/20261021/welcome. Free food, free drinks and young-professional offers are unverified unless labelled."
"B3-2026-10-21-9c04314889","Trafalgar Night: Backing Britain","West End branch, Cities of London and Westminster Conservatives","2026-10-21","2026-10-21T19:00:00+01:00","","","2026-10-21T22:00:00+01:00","Europe/London","in_person","Private room in a Mayfair pub, near Green Park","","London","England","Unknown","See price field where verified; otherwise not published/verified","Unknown unless explicitly stated in access","Not published in retrieved event details","Over 18 only; photo ID if appearing under 25","Listed; live ticket availability not verified","No cancellation notice found in sources checked; live status remains subject to organiser confirmation","Not positively confirmed","Not positively confirmed","Not positively confirmed","https://tickets.twocitiesconservatives.org.uk/events/twocitiesconservatives/2378721","https://tickets.twocitiesconservatives.org.uk/events/twocitiesconservatives/2378721","https://tickets.twocitiesconservatives.org.uk/events/twocitiesconservatives/2378721 | https://www.twocitiesconservatives.org.uk/events/trafalgar-night-backing-britain | https://www.twocitiesconservatives.org.uk/events","EH-058","2026-10-06T15:09:31.207957+00:00","Not classified","Full address sent on booking. Organiser page says until late; ticket page lists end 22:00. Price not retrieved. | Availability: Listed; live ticket availability not verified | Cancellation/refunds: No cancellation notice found in sources checked; live status remains subject to organiser confirmation | Price and any booking fees are unknown | Ideology not classified; affiliation does not establish the views of attendees or performers. Free food, free drinks and young-professional offers are unverified unless labelled."
"B3-2026-10-22-f5d01948dd","Chesham Branch Curry Night with Matt Vickers MP","Chesham Conservative Branch; Chesham and Amersham Conservatives","2026-10-22","TBC","","","2026-10-22T21:00:00+01:00","Europe/London","in_person","Chesham Tandoori","48 Broad Street, Chesham, HP5 3DX","Chesham","England","Unknown","See price field where verified; otherwise not published/verified","Unknown unless explicitly stated in access","Not published in retrieved event details","Not published; check organiser before booking","Listed; live ticket availability not verified","No cancellation notice found in sources checked; live status remains subject to organiser confirmation","Not positively confirmed","Not positively confirmed","Not positively confirmed","https://www.cheshamandamershamconservatives.co.uk/events/chesham-branch-curry-night-matt-vickers-mp","https://www.cheshamandamershamconservatives.co.uk/events/chesham-branch-curry-night-matt-vickers-mp","https://www.cheshamandamershamconservatives.co.uk/events/chesham-branch-curry-night-matt-vickers-mp | https://www.cheshamandamershamconservatives.co.uk/ | https://www.cheshamandamershamconservatives.co.uk/events","EH-056 | EH-117","2026-10-06T15:09:31.207957+00:00","Not classified","Current index header says 19:00–21:00 but body says from 18:30; 18:30 recorded as arrival, confirm with organiser. Older cached listing names this Chairman’s Evening with Matt Vickers; consolidated as updated event, not a second event. | Detailed booking page not retrievable. | Source header says 19:00–21:00 while prose says from 18:30; 18:30 is not explicitly labelled doors. Do not silently convert it to arrival time. | Availability: Listed; live ticket availability not verified | Cancellation/refunds: No cancellation notice found in sources checked; live status remains subject to organiser confirmation | Price and any booking fees are unknown | Ideology not classified; affiliation does not establish the views of attendees or performers. Free food, free drinks and young-professional offers are unverified unless labelled."
"LUE-b5a719d4cad6","From rescue to reform: Building a child protection system in Punjab, Pakistan","University College London (UCL)","2026-10-22","2026-10-22T12:00:00+01:00","","","2026-10-22T13:00:00+01:00","Europe/London","in_person","Room G03","55–59 Gordon Square, London, WC1H 0NT, United Kingdom","","","Free","","","","Open to All; Open","","","Not positively confirmed","Not positively confirmed","Not positively confirmed","https://www.ucl.ac.uk/ioe/events/2026/oct/rescue-reform-building-child-protection-system-punjab-pakistan","","https://www.ucl.ac.uk/ioe/events/2026/oct/rescue-reform-building-child-protection-system-punjab-pakistan | https://www.ucl.ac.uk/events/all-events?ucl_audience%5BPublic%5D=Public&0=39&page=6","","2026-10-06T21:08:11.612399+00:00","nonpartisan","Free food, free drinks and young-professional offers are unverified unless labelled."
"B3-2026-10-22-d1ecf26db9","Pimlico Political Lunch with Lord Hayward","Pimlico North branch, Cities of London and Westminster Conservatives","2026-10-22","2026-10-22T12:30:00+01:00","","","2026-10-22T14:30:00+01:00","Europe/London","in_person","Private room within 10 minutes’ walk of Pimlico tube","","London","England","£35 standard, £0 booking fee; includes two-course meal, wine or soft drinks","See price field where verified; otherwise not published/verified","Unknown unless explicitly stated in access","Not published in retrieved event details","Booking required; no membership restriction stated","Listed; live ticket availability not verified","No cancellation notice found in sources checked; live status remains subject to organiser confirmation","Not positively confirmed","Not positively confirmed","Not positively confirmed","https://tickets.twocitiesconservatives.org.uk/events/twocitiesconservatives/2364491","https://tickets.twocitiesconservatives.org.uk/events/twocitiesconservatives/2364491","https://tickets.twocitiesconservatives.org.uk/events/twocitiesconservatives/2364491 | https://www.twocitiesconservatives.org.uk/events/pimlico-political-lunch-lord-hayward | https://tickets.twocitiesconservatives.org.uk/checkout/view-event/id/8881622/chk/441c161802fbb25e1b2595bd49d55fba/?modal_widget=true&widget=true","EH-058","2026-10-06T15:09:31.207957+00:00","Not classified","£30 early bird expired 11 September; do not advertise it as currently available. Venue shared 24 hours before. | Availability: Listed; live ticket availability not verified | Cancellation/refunds: No cancellation notice found in sources checked; live status remains subject to organiser confirmation | Ideology not classified; affiliation does not establish the views of attendees or performers. Free food, free drinks and young-professional offers are unverified unless labelled."
"LUE-e61d81543129","Law and the Political Economy of Climate Adaptation","University College London (UCL)","2026-10-22","2026-10-22T13:00:00+01:00","","","2026-10-22T14:00:00+01:00","Europe/London","hybrid","UCL Faculty of Laws","4-8 Endsleigh Gardens, London, WC1H 0EG, United Kingdom","","","Free","","","","Open to All; Pre-booking essential","","","Not positively confirmed","Not positively confirmed","Not positively confirmed","https://www.ucl.ac.uk/laws/events/2026/oct/law-and-political-economy-climate-adaptation","https://www.eventbrite.co.uk/e/clp-law-and-the-political-economy-of-climate-adaptation-tickets-2000155339463?aff=oddtdtcreator","https://www.ucl.ac.uk/laws/events/2026/oct/law-and-political-economy-climate-adaptation | https://www.ucl.ac.uk/events/all-events?ucl_audience%5BPublic%5D=Public&0=39&page=6","LUE-UCL","2026-10-06T21:08:11.643934+00:00","law","Registration destination linked by organiser; live ticket availability not independently checked. Free food, free drinks and young-professional offers are unverified unless labelled."
"LUC-30be3b32f3bc","'Move Fast and Innovate Things: Agile Procurement in the Ukrainian Defence Technology Space' with  Dr Elena Davlikanova and  Chris Pool","King's College London","2026-10-22","2026-10-22T15:00:00+01:00","","","2026-10-22T16:15:00+01:00","Europe/London","in_person","Dockril Room (KIN 628), King's Building","Strand Campus, Strand, London, WC2R 2LS","","","Free","","","","General Admission tickets available; booking required","registration_advertised","","Not positively confirmed","Not positively confirmed","Not positively confirmed","https://www.kcl.ac.uk/events/move-fast-and-innovate-things-agile-procurement-in-the-ukrainian-defence-technology-space-with-dr-elena-davlikanova-and-chris-pool","https://buytickets.at/centreforstatecraftandnationalsecurity/2456397","https://www.kcl.ac.uk/events/move-fast-and-innovate-things-agile-procurement-in-the-ukrainian-defence-technology-space-with-dr-elena-davlikanova-and-chris-pool | https://buytickets.at/centreforstatecraftandnationalsecurity/2456397","","2026-10-06T21:16:50.243221+00:00","nonpartisan","Free food, free drinks and young-professional offers are unverified unless labelled."
"university-lse-banking-transition-2026-10-22","State of the Banking Transition 2026: from pledges to practice","London School of Economics and Political Science (LSE)","2026-10-22","2026-10-22T16:00:00+01:00","","","2026-10-22T17:00:00+01:00","Europe/London","online","Online, UK-hosted","","","","Unknown","Not independently verified","Not stated","","Explicit online public event; consult organiser page for registration","See access and notes; live inventory not verified","No cancellation or reschedule notice seen in checked source","Not positively confirmed","Not positively confirmed","Not positively confirmed","https://www.lse.ac.uk/events/state-of-the-banking-transition-2026","","https://www.lse.ac.uk/events/state-of-the-banking-transition-2026","","2026-10-08T13:00:00+00:00","nonpartisan","Banking climate commitments, transition plans and financial disclosure policy. Fee, direct registration URL and live availability not exposed. Doors time not stated. Free food, free drinks and young-professional offers are unverified unless labelled."
"LUC-b823ba629853","Sustainable use of AI in the legislative work of Parliaments","University of London / School of Advanced Study","2026-10-22","2026-10-22T17:00:00+01:00","","","2026-10-22T18:30:00+01:00","Europe/London","online","Online","Online","","","Free","","","","All welcome; advance booking required","","","Not positively confirmed","Not positively confirmed","Not positively confirmed","https://www.sas.ac.uk/news-events/events/sustainable-use-ai-legislative-work-parliaments","https://sas.sym-online.com/registrationforms/ials-booking54660632/","https://www.sas.ac.uk/news-events/events/sustainable-use-ai-legislative-work-parliaments","LU-C-006","2026-10-06T21:15:12.022230+00:00","law","Free food, free drinks and young-professional offers are unverified unless labelled."
"london-lshtm-cea-2026-10-22","From CEA to BCA: Values and decisions","London School of Hygiene & Tropical Medicine","2026-10-22","2026-10-22T17:30:00+01:00","","","2026-10-22T19:00:00+01:00","Europe/London","hybrid","John Snow Lecture Theatre, LSHTM","Keppel Street, London WC1E 7HT","","","Free","","","","Free and open to all; no registration required","","","Not positively confirmed","Not positively confirmed","Not positively confirmed","https://www.lshtm.ac.uk/newsevents/events/cea-bca-values-and-decisions","https://lshtm.zoom.us/j/87047984887","https://www.lshtm.ac.uk/newsevents/events/cea-bca-values-and-decisions | https://www.lshtm.ac.uk/newsevents/events-feed","","2026-10-06T21:11:11.141883+00:00","nonpartisan","Free food, free drinks and young-professional offers are unverified unless labelled."
"LUC-5a568d1f0b31","From Protest to Power: Boniface Mwangi in Conversation","SOAS University of London","2026-10-22","2026-10-22T18:00:00+01:00","","","2026-10-22T21:00:00+01:00","Europe/London","in_person","Khalili Lecture Theatre (KLT), SOAS University of London, Main Building","10 Thornhaugh Street, Russell Square, London WC1H 0XG","","","Free","","","","Public registration; booking required","","","Not positively confirmed","Not positively confirmed","Not positively confirmed","https://www.soas.ac.uk/about/event/protest-power-boniface-mwangi-conversation","https://www.eventbrite.co.uk/e/from-protest-to-power-boniface-mwangi-in-conversation-tickets-2002622687367","https://www.soas.ac.uk/about/event/protest-power-boniface-mwangi-conversation | https://www.eventbrite.co.uk/e/from-protest-to-power-boniface-mwangi-in-conversation-tickets-2002622687367","","2026-10-06T21:16:55.477545+00:00","nonpartisan","Free food, free drinks and young-professional offers are unverified unless labelled."
"london-rh-ai-2026-10-22","Age of AI: AI and the future of humans","Royal Holloway, University of London","2026-10-22","2026-10-22T18:15:00+01:00","","","Unknown","Europe/London","in_person","Beatrice Shilling Building","Royal Holloway, Egham, Surrey TW20 0EX","","","Free","","","","Public lecture; advance booking essential","","","Not positively confirmed","Not positively confirmed","Not positively confirmed","https://www.royalholloway.ac.uk/about-us/events/age-of-ai-ai-and-the-future-of-humans/","https://www.eventbrite.co.uk/e/2002626559950","https://www.royalholloway.ac.uk/about-us/events/age-of-ai-ai-and-the-future-of-humans | https://www.royalholloway.ac.uk/about-us/events/ | https://www.royalholloway.ac.uk/about-us/events/?page=2","","2026-10-06T21:10:14.172256+00:00","nonpartisan","End time not stated; omitted Eventbrite booking availability not verified Free food, free drinks and young-professional offers are unverified unless labelled."
"LUE-489d674f99fc","Policy & practice seminar: The Middle East war","University College London (UCL)","2026-10-22","2026-10-22T18:15:00+01:00","","","2026-10-22T19:30:00+01:00","Europe/London","in_person","G6 Lecture Theatre","UCL Institute of Archaeology, 31-34 Gordon Square, London, WC1H0PY, United Kingdom","","","Free","","","","Open to All; Ticketed","","","Not positively confirmed","Not positively confirmed","Not positively confirmed","https://www.ucl.ac.uk/social-historical-sciences/events/2026/oct/policy-practice-seminar-middle-east-war","https://www.eventbrite.co.uk/e/policy-practice-seminar-the-middle-east-war-tickets-1999031061718?aff=oddtdtcreator","https://www.ucl.ac.uk/social-historical-sciences/events/2026/oct/policy-practice-seminar-middle-east-war | https://www.ucl.ac.uk/events/all-events?ucl_audience%5BPublic%5D=Public&0=39&page=6","","2026-10-06T21:07:15.127991+00:00","foreign_policy","Registration destination linked by organiser; live ticket availability not independently checked. Seats are allocated first come, first served; registration does not guarantee a seat. Free food, free drinks and young-professional offers are unverified unless labelled."
"B1-f3b8285af723","Entrepreneurial Minds: Peter Higgins in conversation with Lord Kamall","Institute of Economic Affairs; Vinson Centre","2026-10-22","2026-10-22T18:30:00+01:00","","","2026-10-22T20:30:00+01:00","Europe/London","in_person","Institute of Economic Affairs","2 Lord North Street, Westminster, London SW1P 3LB","","","Unknown","Unknown unless explicitly stated in price","Unknown unless explicitly stated in access","Unknown","Registration required","Unknown; current ticket availability not verified","Unknown; no refund or cancellation policy verified","Not positively confirmed","Not positively confirmed","Not positively confirmed","https://instituteofeconomicaffairs.beaconforms.com/form/320b5254","https://instituteofeconomicaffairs.beaconforms.com/form/320b5254","https://instituteofeconomicaffairs.beaconforms.com/form/320b5254 | https://iea.org.uk/events-upcoming/ | https://vinsoncentre.com/events/","EH-197 | EH-205","2026-10-06T15:04:00.218728+00:00","Not classified","Vinson lists2 Lord Street, likely abbreviation/typo; official IEA address2 Lord North Street used | Registration form JavaScript-only | Availability: Unknown; current ticket availability not verified | Cancellation/refunds: Unknown; no refund or cancellation policy verified | Price and any booking fees are unknown | Ideology not classified; affiliation does not establish the views of attendees or performers. Free food, free drinks and young-professional offers are unverified unless labelled."
"LUC-6ce2276beca8","‘Agrowth’ and the Future of Capitalism: A New Policy Paradigm?","King's College London","2026-10-22","2026-10-22T18:30:00+01:00","","","2026-10-22T20:00:00+01:00","Europe/London","in_person","Bush House Lecture Theatre 2, BH (S) 4.04","Bush House, 30 Aldwych, London WC2B 4BG","","","Free","","","","Public event; advance booking essential","on_sale","","Not positively confirmed","Not positively confirmed","Not positively confirmed","https://csgs.kcl.ac.uk/events/agrowth-and-the-future-of-capitalism-a-new-policy-paradigm/","https://www.eventbrite.co.uk/e/agrowth-and-the-future-of-capitalism-a-new-policy-paradigm-tickets-1986236148789?aff=oddtdtcreator","https://csgs.kcl.ac.uk/events/agrowth-and-the-future-of-capitalism-a-new-policy-paradigm/ | https://www.eventbrite.co.uk/e/agrowth-and-the-future-of-capitalism-a-new-policy-paradigm-tickets-1986236148789?aff=oddtdtcreator","","2026-10-06T21:16:59.154587+00:00","nonpartisan","Free food, free drinks and young-professional offers are unverified unless labelled."
"LUE-285e46ff4bdc","The unelectable budget: what Britain really needs","London School of Economics and Political Science (LSE)","2026-10-22","2026-10-22T18:30:00+01:00","","","2026-10-22T20:00:00+01:00","Europe/London","hybrid","Sheikh Zayed Theatre, Cheng Kin Ku Building","","","","Unknown","","","","Public event; advance registration required","","","Not positively confirmed","Not positively confirmed","Not positively confirmed","https://www.lse.ac.uk/social-policy/events/annual-lecture-2026","https://www.tickettailor.com/events/departmentofsocialpolicylse/2420987","https://www.lse.ac.uk/social-policy/events/annual-lecture-2026 | https://www.lse.ac.uk/Events","","2026-10-06T21:08:38.603156+00:00","nonpartisan","Street address not independently verified; published campus venue retained. Do not infer free pricing from the LSE programme: official FAQ says the vast majority of events are free, not all. Event-specific price was not verified. Cost detail: Not stated in the accessible event/booking source Online attendance: https://lse.zoom.us/webinar/register/WN_V2b7vCMPQr6dNSzgIa-n4A#/registration. Free food, free drinks and young-professional offers are unverified unless labelled."
"LUE-54a39a9507c8","The sociology of elite power today: introducing the Oxford Handbook of the Sociology of Global Elites","London School of Economics and Political Science (LSE)","2026-10-22","2026-10-22T18:30:00+01:00","","","2026-10-22T20:00:00+01:00","Europe/London","in_person","Hong Kong Theatre, Clement House","Clement House, 99 Aldwych, London WC2B 4BG","","","Free","","","","Public event; advance registration required","","","Not positively confirmed","Not positively confirmed","Not positively confirmed","https://www.lse.ac.uk/sociology/events/2026/the-sociology-of-elite-power-today","https://www.eventbrite.co.uk/e/the-sociology-of-elite-power-today-tickets-1999660209516?aff=oddtdtcreator&_gl=1*1ta9wrk*_up*MQ..*_ga*MTA2OTQ3NDU5OC4xNzg5NjQ2MDA4*_ga_TQVES5V6SH*czE3ODk2NDYwMDckbzEkZzAkdDE3ODk2NDYwMDckajYwJGwwJGgw","https://www.lse.ac.uk/sociology/events/2026/the-sociology-of-elite-power-today | https://www.lse.ac.uk/Events","","2026-10-06T21:09:01.392167+00:00","nonpartisan","Street address not independently verified; published campus venue retained. Official booking instructions say event is over-ticketed; registration does not guarantee entry and early arrival is advised Free food, free drinks and young-professional offers are unverified unless labelled."
"LUE-78893c9f1e3b","Sea change: the new great game in the Arctic circle","London School of Economics and Political Science (LSE)","2026-10-22","2026-10-22T18:30:00+01:00","","","2026-10-22T20:00:00+01:00","Europe/London","in_person","LSE campus, venue tbc to ticketholders","","","","Free","","","","Public event; advance registration required","","","Not positively confirmed","Not positively confirmed","Not positively confirmed","https://www.lse.ac.uk/international-relations/events/2026/sea-change-the-new-great-game-in-the-arctic-circle","https://www.eventbrite.co.uk/e/2002134487147?aff=oddtdtcreator","https://www.lse.ac.uk/international-relations/events/2026/sea-change-the-new-great-game-in-the-arctic-circle | https://www.lse.ac.uk/Events","","2026-10-06T21:08:38.123317+00:00","foreign_policy","Exact campus venue will be confirmed to ticket holders. Free food, free drinks and young-professional offers are unverified unless labelled."
"eh-220-2026-10-22-6c5e6bae2","An Evening with Lord Biggar on Colonialism and Culture Wars","UCL Conservative Society","2026-10-22","2026-10-22T18:45:00+01:00","2026-10-22T18:30:00+01:00","","2026-10-22T20:00:00+01:00","Europe/London","in_person","Venue supplied privately to ticket holders","","London","England","Free event ticket","No ticket fee stated","Unknown unless explicitly stated in access","Unknown","UCL Conservative Society Standard Members only; standard membership £8; booking login required","Advertised; ticket availability not verified","Not stated","Not positively confirmed","Not positively confirmed","Not positively confirmed","https://studentsunionucl.org/whats-on/clubs-societies/evening-with-lord-biggar-on-colonialism-and-culture-wars?v=96758","https://studentsunionucl.org/whats-on/clubs-societies/evening-with-lord-biggar-on-colonialism-and-culture-wars?v=96758","https://studentsunionucl.org/whats-on/clubs-societies/evening-with-lord-biggar-on-colonialism-and-culture-wars?v=96758 | https://studentsunionucl.org/clubs-societies/conservative-society","EH-220","2026-10-06T15:09:31.207957+00:00","Not classified","Header says venue TBC; event body names Meeting Room 1, Rockefeller Building, 21 University Street. Arrive 18:30 for 18:45 programme, despite calendar start of 18:30. Confirm venue from booking. | Arrival/doors time: 2026-10-22T18:30:00+01:00; distinct from programme start | Availability: Advertised; ticket availability not verified | Cancellation/refunds: Not stated | Ideology not classified; affiliation does not establish the views of attendees or performers. Free food, free drinks and young-professional offers are unverified unless labelled."
"B3-2026-10-22-242cc17a17","Trick or Tory: The Pimlico South Halloween Bash","Pimlico South branch, Cities of London and Westminster Conservatives","2026-10-22","2026-10-22T19:00:00+01:00","","","2026-10-22T22:00:00+01:00","Europe/London","in_person","Private space in Pimlico; exact address TBC","","London","England","£15, £0 booking fee; optional donation","See price field where verified; otherwise not published/verified","Unknown unless explicitly stated in access","Not published in retrieved event details","Open to all; capacity 40; any age restriction not stated","Listed; live ticket availability not verified","No cancellation notice found in sources checked; live status remains subject to organiser confirmation","Not positively confirmed","Not positively confirmed","Not positively confirmed","https://tickets.twocitiesconservatives.org.uk/events/twocitiesconservatives/2452991","https://tickets.twocitiesconservatives.org.uk/events/twocitiesconservatives/2452991","https://tickets.twocitiesconservatives.org.uk/events/twocitiesconservatives/2452991 | https://www.twocitiesconservatives.org.uk/events/trick-or-tory-pimlico-south-halloween-bash-0","EH-058","2026-10-06T15:09:31.207957+00:00","Not classified","Organiser says until late; ticket page lists end 22:00. | Availability: Listed; live ticket availability not verified | Cancellation/refunds: No cancellation notice found in sources checked; live status remains subject to organiser confirmation | Ideology not classified; affiliation does not establish the views of attendees or performers. Free food, free drinks and young-professional offers are unverified unless labelled."
"eh-020-2026-10-22-25e84119d","Club Bingo","Fairwater Conservative Club","2026-10-22","2026-10-22T19:30:00+01:00","","","Unknown","Europe/London","in_person","Fairwater Conservative Club","61 Ely Road, Llandaff, Cardiff CF5 2BY","Cardiff","Wales","Unknown","Not stated","Unknown unless explicitly stated in access","Unknown","Members and guests only","Advertised; ticket availability not verified","Not stated","Not positively confirmed","Not positively confirmed","Not positively confirmed","https://www.fairwatercons.co.uk/copy-of-club-events","","https://www.fairwatercons.co.uk/copy-of-club-events | https://www.fairwatercons.co.uk/","EH-020","2026-10-06T15:09:31.207957+00:00","Not classified","Each occurrence is explicitly dated in the official 2026 calendar. | Availability: Advertised; ticket availability not verified | Cancellation/refunds: Not stated | Price and any booking fees are unknown | Ideology not classified; affiliation does not establish the views of attendees or performers. Free food, free drinks and young-professional offers are unverified unless labelled."
"nc-002-2026-10-22-5e0632130","Goblin Band + Spitzer Space Telescope","Love Thy Neighbour and Broadside Hacks Recording Showcase presents Goblin Band live in Lewes","2026-10-22","2026-10-22T19:45:00+01:00","2026-10-22T19:30:00+01:00","","2026-10-22T22:30:00+01:00","Europe/London","in_person","Lewes Con Club","139 High Street, Lewes, East Sussex BN7 1XS","Lewes","England","Tickets   £15 + b/f  lovethyneighbour.seetickets.com/event/goblin-band-spitzer-space-telescope/lewes-con-club/3722444","Not stated","Unknown unless explicitly stated in access","Unknown","Members and non-members welcome; check event-specific age restrictions","Advertised; ticket inventory not verified","Check ticket seller; venue does not manage most promoter tickets","Not positively confirmed","Not positively confirmed","Not positively confirmed","https://www.lewesconclub.com/events/goblin-band-spitzer-space-telescope/","https://lovethyneighbour.seetickets.com/event/goblin-band-spitzer-space-telescope/lewes-con-club/3722444","https://www.lewesconclub.com/events/goblin-band-spitzer-space-telescope/ | https://www.lewesconclub.com/ | https://www.lewesconclub.com/contact/","NC-002","2026-10-06T15:09:31.207957+00:00","Not classified","Arrival/doors time: 2026-10-22T19:30:00+01:00; distinct from programme start | Availability: Advertised; ticket inventory not verified | Cancellation/refunds: Check ticket seller; venue does not manage most promoter tickets | Ideology not classified; affiliation does not establish the views of attendees or performers. Free food, free drinks and young-professional offers are unverified unless labelled."
"nc-002-2026-10-23-29aae4705","The Pogue Traders","Black Rabbit Productions Presents The Pogue Traders + Support","2026-10-23","TBC","2026-10-23T19:00:00+01:00","","2026-10-23T23:00:00+01:00","Europe/London","in_person","Lewes Con Club","139 High Street, Lewes, East Sussex BN7 1XS","Lewes","England","Tickets:  £16+ b/f ;  www.seetickets.com/event/the-pogue-traders-support/lewes-con-club/3632549","Not stated","Unknown unless explicitly stated in access","Unknown","Members and non-members welcome; check event-specific age restrictions","Advertised; ticket inventory not verified","Check ticket seller; venue does not manage most promoter tickets","Not positively confirmed","Not positively confirmed","Not positively confirmed","https://www.lewesconclub.com/events/the-pogue-traders-4/","https://www.seetickets.com/event/the-pogue-traders-support/lewes-con-club/3632549","https://www.lewesconclub.com/events/the-pogue-traders-4/ | https://www.lewesconclub.com/ | https://www.lewesconclub.com/contact/","NC-002","2026-10-06T15:09:31.207957+00:00","Not classified","Arrival/doors time: 2026-10-23T19:00:00+01:00; distinct from programme start | Availability: Advertised; ticket inventory not verified | Cancellation/refunds: Check ticket seller; venue does not manage most promoter tickets | Ideology not classified; affiliation does not establish the views of attendees or performers. Free food, free drinks and young-professional offers are unverified unless labelled."
"LUC-329a48f8689a","CSD Seminar: The UN’s Moment of Reckoning: UNGA81 - From Gridlock to Renewal?","University of Westminster","2026-10-23","2026-10-23T17:00:00+01:00","","","2026-10-23T18:30:00+01:00","Europe/London","in_person","Westminster Forum, 5th floor","32–38 Wells Street, London W1T 3UW","","","Free","","","","Public Eventbrite registration","","","Not positively confirmed","Not positively confirmed","Not positively confirmed","https://www.westminster.ac.uk/events/csd-seminar-the-uns-moment-of-reckoning-unga81-from-gridlock-to-renewal","https://www.eventbrite.co.uk/e/csd-seminar-the-uns-moment-of-reckoning-from-gridlock-to-renewal-tickets-2002791904500","https://www.westminster.ac.uk/events/csd-seminar-the-uns-moment-of-reckoning-unga81-from-gridlock-to-renewal | https://www.eventbrite.co.uk/e/csd-seminar-the-uns-moment-of-reckoning-from-gridlock-to-renewal-tickets-2002791904500","","2026-10-06T21:17:30.317854+00:00","foreign_policy","Free food, free drinks and young-professional offers are unverified unless labelled."
"B1-c2b424418b00","Arun Coastal BRAL: Reform Get Together & Questions","Reform UK Bognor Regis and Littlehampton","2026-10-23","2026-10-23T19:00:00+01:00","","","2026-10-23T22:30:00+01:00","Europe/London","in_person","Yapton & Ford Village Hall","Main Road, Yapton BN18 0ET","","","Free","Unknown unless explicitly stated in price","Unknown unless explicitly stated in access","Unknown","Ticket only; family and friends welcome","Eventbrite lists InStock at check time","Unknown; no refund or cancellation policy verified","Not positively confirmed","Not positively confirmed","Not positively confirmed","https://www.eventbrite.co.uk/e/arun-coastal-bral-branch-reform-get-together-questions-tickets-1998375027502?aff=oddtdtcreator","https://www.eventbrite.co.uk/e/arun-coastal-bral-branch-reform-get-together-questions-tickets-1998375027502?aff=oddtdtcreator","https://www.eventbrite.co.uk/e/arun-coastal-bral-branch-reform-get-together-questions-tickets-1998375027502?aff=oddtdtcreator | https://bralreform.uk/","EH-105","2026-10-06T15:04:00.218728+00:00","Not classified","Final booking fees not confirmed | Availability: Eventbrite lists InStock at check time | Cancellation/refunds: Unknown; no refund or cancellation policy verified | Ideology not classified; affiliation does not establish the views of attendees or performers. Free food, free drinks and young-professional offers are unverified unless labelled."
"regional-2026-10-23-diggory-seacome-quiz","Quiz presented by Diggory Seacome","Cheltenham Conservatives / Gloucestershire Conservative Grouping","2026-10-23","2026-10-23T19:30:00+01:00","2026-10-23T19:00:00+01:00","","Unknown","Europe/London","in_person","Victory Club, Lypiatt Road","Victory Club, Lypiatt Road, Cheltenham (postcode not verified)","Cheltenham","England","Unknown","Not separately stated; final checkout total not verified","Not stated","Not stated","Not explicitly confirmed","Advertised; live capacity not confirmed","Not stated in checked sources","Not positively confirmed","Not positively confirmed","Not positively confirmed","https://www.gloucestershireconservatives.com/events/quiz-presented-diggory-seacome","","https://www.gloucestershireconservatives.com/events/quiz-presented-diggory-seacome | https://www.gloucestershireconservatives.com/events | https://www.gloucestershireconservatives.com/cheltenham","EH-065","2026-10-06T15:09:31.207957+00:00","Not classified","Teams of four; source says further details to follow | Public listing does not establish unrestricted admission, fees or booking process | Arrival/doors time: 2026-10-23T19:00:00+01:00; distinct from programme start | Availability: Advertised; live capacity not confirmed | Cancellation/refunds: Not stated in checked sources | Price and any booking fees are unknown | Ideology not classified; affiliation does not establish the views of attendees or performers. Free food, free drinks and young-professional offers are unverified unless labelled."
"eh-027-2026-10-24-d4a71ccb1","Saturday Night Live Entertainment with Richard Palmer","North Enfield Conservative Club","2026-10-24","TBC","","","2026-10-24T23:15:00+01:00","Europe/London","in_person","North Enfield Social Club, Main Bar and Main Hall","278 Baker Street, Enfield EN1 3LD","Enfield, London","England","Unknown","Not stated","Unknown unless explicitly stated in access","Unknown","Private members’ club; check guest eligibility and event booking","Advertised; ticket availability not verified","Not stated","Not positively confirmed","Not positively confirmed","Not positively confirmed","https://neccenfieldnorth.co.uk/events.php","","https://neccenfieldnorth.co.uk/events.php | https://neccenfieldnorth.co.uk/ | https://neccenfieldnorth.co.uk/contact.php","EH-027","2026-10-06T15:09:31.207957+00:00","Not classified","Public calendar time may include doors/opening; separate programme start not stated. | Published calendar time: 2026-10-24T18:00:00+01:00; programme start is TBC | Availability: Advertised; ticket availability not verified | Cancellation/refunds: Not stated | Price and any booking fees are unknown | Ideology not classified; affiliation does not establish the views of attendees or performers. Free food, free drinks and young-professional offers are unverified unless labelled."
"nc-002-2026-10-24-54acebf41","Skyscrapers, Dead Sea Scouts, Seema Tree","Promoter not stated; listed by Lewes Con Club","2026-10-24","TBC","2026-10-24T19:00:00+01:00","","2026-10-24T23:00:00+01:00","Europe/London","in_person","Lewes Con Club","139 High Street, Lewes, East Sussex BN7 1XS","Lewes","England","Tickets advance £10  www.eventbrite.com/e/an-evening-with-skyscrapers-tickets-1992782731795 £12 on door.","Not stated","Unknown unless explicitly stated in access","Unknown","Members and non-members welcome; check event-specific age restrictions","Advertised; ticket inventory not verified","Check ticket seller; venue does not manage most promoter tickets","Not positively confirmed","Not positively confirmed","Not positively confirmed","https://www.lewesconclub.com/events/skyscrapers-dead-sea-scouts-seema-tree/","https://www.google.com/calendar/event?action=TEMPLATE&text=Skyscrapers%2C+Dead+Sea+Scouts%2C+Seema+Tree&dates=20261024T190000/20261024T230000&details=An+Evening+with+SkyscrapersTickets+advance+%C2%A310%C2%A0+%3Ca+href%3D%22https%3A%2F%2Fwww.eventbrite.com%2Fe%2Fan-evening-with-skyscrapers-tickets-1992782731795%22%3Ewww.eventbrite.com%2Fe%2Fan-evening-with-skyscrapers-tickets-1992782731795%3C%2Fa%3E%C2%A312+on+door.Bar+from+5%3A00pm.+Doors+7%3A00pm.A+great+night+of+music%2C+featuring+Skyscrapers%2C+Dead+Sea+Scouts%2C+Seema+Tree%2C+and+DJ+Danny+Webb&location=&trp=false&sprop=https%3A%2F%2Fwww.lewesconclub.com%2Fevents%2Fskyscrapers-dead-sea-scouts-seema-tree%2F&sprop=name:Lewes+Con+Club&ctz=Europe%2FLondon","https://www.lewesconclub.com/events/skyscrapers-dead-sea-scouts-seema-tree/ | https://www.lewesconclub.com/ | https://www.lewesconclub.com/contact/","NC-002","2026-10-06T15:09:31.207957+00:00","Not classified","Arrival/doors time: 2026-10-24T19:00:00+01:00; distinct from programme start | Availability: Advertised; ticket inventory not verified | Cancellation/refunds: Check ticket seller; venue does not manage most promoter tickets | Ideology not classified; affiliation does not establish the views of attendees or performers. Free food, free drinks and young-professional offers are unverified unless labelled."
"eh-037-2026-10-24-28bf1d888","Special General Meeting: vote on new Rule Book","Weybridge Conservative Club","2026-10-24","2026-10-24T19:00:00+01:00","","","Unknown","Europe/London","in_person","Weybridge Conservative Club","70 Church Street, Weybridge, Surrey KT13 8DL","Weybridge, Surrey","England","Unknown","Not stated","Unknown unless explicitly stated in access","Step-free entrance; no accessible WC or hearing loop; no club car park","Members in good standing; quorum at least 30 members","Advertised; ticket availability not verified","Not stated","Not positively confirmed","Not positively confirmed","Not positively confirmed","https://weyconclub.com/","","https://weyconclub.com/","EH-037","2026-10-06T15:09:31.207957+00:00","Not classified","Rescheduled from 26 September because the original meeting was not quorate. | Separate rescheduling notice supplies a concrete date; surrounding entertainment listings are marked illustrative pending Committee confirmation. | Availability: Advertised; ticket availability not verified | Cancellation/refunds: Not stated | Price and any booking fees are unknown | Ideology not classified; affiliation does not establish the views of attendees or performers. Free food, free drinks and young-professional offers are unverified unless labelled."
"eh-031-2026-10-24-0769d11f5","Patrick Peters","Sale Conservative Club","2026-10-24","2026-10-24T19:30:00+01:00","","","Unknown","Europe/London","in_person","Sale Conservative Club","161 Dane Road, Sale M33 2NG","Sale, Greater Manchester","England","Unknown","Not stated","Unknown unless explicitly stated in access","Unknown","Non-members welcome according to club events page","Advertised; ticket availability not verified","Not stated","Not positively confirmed","Not positively confirmed","Not positively confirmed","https://www.saleconservativeclub.co.uk/events-1/patrick-peters","","https://www.saleconservativeclub.co.uk/events-1/patrick-peters | https://www.saleconservativeclub.co.uk/whats-on","EH-031","2026-10-06T15:09:31.207957+00:00","Not classified","Availability: Advertised; ticket availability not verified | Cancellation/refunds: Not stated | Price and any booking fees are unknown | Ideology not classified; affiliation does not establish the views of attendees or performers. Free food, free drinks and young-professional offers are unverified unless labelled."
"eh-014-2026-10-24-57c238023","Cheese & Wine Disco Night","Canvey Island Conservative Club","2026-10-24","2026-10-24T20:00:00+01:00","","","Unknown","Europe/London","in_person","Canvey Island Conservative Club","Fielder House, 59 Long Road, Canvey Island SS8 0JA","Canvey Island, Essex","England","Members £17.50; non-members £20; £10 non-refundable deposit","Not stated","Unknown unless explicitly stated in access","Unknown","Member and non-member prices advertised","Advertised; ticket availability not verified","£10 non-refundable booking deposit","Not positively confirmed","Not positively confirmed","Not positively confirmed","https://www.canveyislandconclub.co.uk/356011444","","https://www.canveyislandconclub.co.uk/356011444 | https://impro.usercontent.one/appid/oneComWsb/domain/canveyislandconclub.co.uk/media/canveyislandconclub.co.uk/onewebmedia/cheese.jpg | https://www.canveyislandconclub.co.uk/356011422","EH-014","2026-10-06T15:09:31.207957+00:00","Not classified","Poster displayed in official October 2026 programme. Ticket inventory not checked. | Availability: Advertised; ticket availability not verified | Cancellation/refunds: £10 non-refundable booking deposit | Ideology not classified; affiliation does not establish the views of attendees or performers. Free food, free drinks and young-professional offers are unverified unless labelled."
"eh-016-2026-10-24-d6a24e065","Iconic drag show","Cheadle Hulme Conservative Club","2026-10-24","2026-10-24T20:45:00+01:00","","","Unknown","Europe/London","in_person","Cheadle Hulme Conservative Club","Mellor Road, Cheadle Hulme SK8 5AT","Cheadle Hulme, Greater Manchester","England","Unknown","Not stated","Unknown unless explicitly stated in access","Unknown","Check membership and guest eligibility with organiser","Advertised; ticket availability not verified","Not stated","Not positively confirmed","Not positively confirmed","Not positively confirmed","https://www.cheadlehulmeconclub.org.uk/calendarofevents.html","","https://www.cheadlehulmeconclub.org.uk/calendarofevents.html | https://www.cheadlehulmeconclub.org.uk/whatshappening.html","EH-016","2026-10-06T15:09:31.207957+00:00","Not classified","Club warns that dates may change without notice. | Availability: Advertised; ticket availability not verified | Cancellation/refunds: Not stated | Price and any booking fees are unknown | Ideology not classified; affiliation does not establish the views of attendees or performers. Free food, free drinks and young-professional offers are unverified unless labelled."
"B1-8fbacff896b5","Free Speech Nation – studio audience","GB News","2026-10-25","TBC","2026-10-25T18:15:00+00:00","","Unknown","Europe/London","in_person","Studio adjacent to Paddington Station","London; precise venue on ticket","","","Free","Unknown unless explicitly stated in price","Unknown unless explicitly stated in access","Unknown","18+; apply for up to four tickets; randomly allocated; photo ID may be requested; ticket does not guarantee admission","Unknown; current ticket availability not verified","Unknown; no refund or cancellation policy verified","Not positively confirmed","Not positively confirmed","Not positively confirmed","https://www.sroaudiences.com/application.asp?show_id=460","https://www.sroaudiences.com/application.asp?show_id=460","https://www.sroaudiences.com/application.asp?show_id=460","EH-130","2026-10-06T14:52:23.078773+00:00","Not classified","Only authorised SRO ticketing source verified; all nine dates explicitly listed | Doors time is not programme start; start left TBC | Applications may be waitlisted; exact inventory not shown | Arrival/doors time: 2026-10-25T18:15:00+00:00; distinct from programme start | Availability: Unknown; current ticket availability not verified | Cancellation/refunds: Unknown; no refund or cancellation policy verified | Ideology not classified; affiliation does not establish the views of attendees or performers. Free food, free drinks and young-professional offers are unverified unless labelled."
"nc-002-2026-10-25-77d1d0f1e","Go Kid Music Club – Spooky Party!","Go Kid Music / Al Start","2026-10-25","2026-10-25T14:30:00+00:00","2026-10-25T14:00:00+00:00","","2026-10-25T16:00:00+00:00","Europe/London","in_person","Lewes Con Club","139 High Street, Lewes, East Sussex BN7 1XS","Lewes","England","Adults/children £8.50; group of four £29; age two and under free; Compass Card concessions advertised","Not stated","Unknown unless explicitly stated in access","Unknown","Primary-school-age children and younger siblings with adults","Advertised; ticket inventory not verified","Check ticket seller; venue does not manage most promoter tickets","Not positively confirmed","Not positively confirmed","Not positively confirmed","https://www.lewesconclub.com/events/go-kid-music-club-spooky-party/","https://gokidmusic.com/tickets","https://www.lewesconclub.com/events/go-kid-music-club-spooky-party/ | https://www.lewesconclub.com/ | https://www.lewesconclub.com/contact/","NC-002","2026-10-06T15:09:31.207957+00:00","Not classified","Arrival/doors time: 2026-10-25T14:00:00+00:00; distinct from programme start | Availability: Advertised; ticket inventory not verified | Cancellation/refunds: Check ticket seller; venue does not manage most promoter tickets | Ideology not classified; affiliation does not establish the views of attendees or performers. Free food, free drinks and young-professional offers are unverified unless labelled."
"eh-014-2026-10-25-54382678f","Darren Jones","Canvey Island Conservative Club","2026-10-25","2026-10-25T15:00:00+00:00","","","2026-10-25T18:00:00+00:00","Europe/London","in_person","Canvey Island Conservative Club","Fielder House, 59 Long Road, Canvey Island SS8 0JA","Canvey Island, Essex","England","Unknown","Not stated","Unknown unless explicitly stated in access","Unknown","Check guest eligibility and booking with club","Advertised; ticket availability not verified","Not stated","Not positively confirmed","Not positively confirmed","Not positively confirmed","https://www.canveyislandconclub.co.uk/356011444","","https://www.canveyislandconclub.co.uk/356011444 | https://impro.usercontent.one/appid/oneComWsb/domain/canveyislandconclub.co.uk/media/canveyislandconclub.co.uk/onewebmedia/25th%20Oct.jpg | https://www.canveyislandconclub.co.uk/356011422","EH-014","2026-10-06T15:09:31.207957+00:00","Not classified","Poster displayed in official October 2026 programme. Ticket inventory not checked. | Availability: Advertised; ticket availability not verified | Cancellation/refunds: Not stated | Price and any booking fees are unknown | Ideology not classified; affiliation does not establish the views of attendees or performers. Free food, free drinks and young-professional offers are unverified unless labelled."
"eh-033-2026-10-25-184faca48","Ronnie Barrone","Shoreham Conservative Club","2026-10-25","2026-10-25T15:00:00+00:00","","","Unknown","Europe/London","in_person","Shoreham Conservative Club","Marlborough House, 102 High Street, Shoreham-by-Sea BN43 5DB","Shoreham-by-Sea, West Sussex","England","Standard music fee: members £2; signed-in non-members/guests £5; special-act exceptions may apply","Not stated","Unknown unless explicitly stated in access","Unknown","Members and signed-in guests; ticket-only for Christmas Eve and New Year’s Eve","Advertised; ticket availability not verified","Not stated","Not positively confirmed","Not positively confirmed","Not positively confirmed","https://www.shorehamcc.com/forthcoming-events/","","https://www.shorehamcc.com/forthcoming-events/ | https://www.shorehamcc.com/","EH-033","2026-10-06T15:09:31.207957+00:00","Not classified","Year inferred from the current programme and matching weekdays throughout October–December; exact 2026 dates are consistent. | Two performance spots advertised between 15:00 and 17:00; 17:00 is not an event-end time. | Two afternoon sets between 15:00 and 17:00; exact set durations/end time unpublished. | Availability: Advertised; ticket availability not verified | Cancellation/refunds: Not stated | Ideology not classified; affiliation does not establish the views of attendees or performers. Free food, free drinks and young-professional offers are unverified unless labelled."
"eh-020-2026-10-25-25e84119d","Club Bingo","Fairwater Conservative Club","2026-10-25","2026-10-25T19:30:00+00:00","","","Unknown","Europe/London","in_person","Fairwater Conservative Club","61 Ely Road, Llandaff, Cardiff CF5 2BY","Cardiff","Wales","Unknown","Not stated","Unknown unless explicitly stated in access","Unknown","Members and guests only","Advertised; ticket availability not verified","Not stated","Not positively confirmed","Not positively confirmed","Not positively confirmed","https://www.fairwatercons.co.uk/copy-of-club-events","","https://www.fairwatercons.co.uk/copy-of-club-events | https://www.fairwatercons.co.uk/","EH-020","2026-10-06T15:09:31.207957+00:00","Not classified","Each occurrence is explicitly dated in the official 2026 calendar. | Availability: Advertised; ticket availability not verified | Cancellation/refunds: Not stated | Price and any booking fees are unknown | Ideology not classified; affiliation does not establish the views of attendees or performers. Free food, free drinks and young-professional offers are unverified unless labelled."
"B2-014","Speak to Win","Conservative Women's Organisation","2026-10-26","TBC","","","Unknown","Europe/London","online","Online (UK organiser)","","","England","£30","Unknown unless explicitly stated in price","Unknown unless explicitly stated in access","Unknown","Full CWO members only; limited to six participants. Political CV and community/voluntary activity story expected in advance.","Advertised on current homepage; live registration availability unverified","Unknown; no refund or cancellation policy verified","Not positively confirmed","Not positively confirmed","Not positively confirmed","https://conservativewomen.uk/events/speak-to-win-20261026/","https://conservativewomen.uk/login/","https://conservativewomen.uk/events/speak-to-win-20261026/ | https://conservativewomen.uk/ | https://conservativewomen.uk/events/","EH-157","2026-10-06T14:49:55.909948+00:00","Not classified","Official detail search excerpt says digital event, 26 October 2026,6–7.30; AM/PM not stated. £30; fees/refunds/age unknown. Free food, free drinks and young-professional offers are unverified unless labelled."
"eh-027-2026-10-26-62233cc90","Age UK Mondays Fitness Over 50s","North Enfield Conservative Club","2026-10-26","TBC","","","2026-10-26T10:45:00+00:00","Europe/London","in_person","North Enfield Social Club, Main Hall","278 Baker Street, Enfield EN1 3LD","Enfield, London","England","Unknown","Not stated","Unknown unless explicitly stated in access","Unknown","Over 50s fitness class; booking/access conditions not stated","Advertised; ticket availability not verified","Not stated","Not positively confirmed","Not positively confirmed","Not positively confirmed","https://neccenfieldnorth.co.uk/events.php","","https://neccenfieldnorth.co.uk/events.php | https://neccenfieldnorth.co.uk/ | https://neccenfieldnorth.co.uk/contact.php","EH-027","2026-10-06T15:09:31.207957+00:00","Not classified","Public calendar time may include doors/opening; separate programme start not stated. | Published calendar time: 2026-10-26T09:45:00+00:00; programme start is TBC | Availability: Advertised; ticket availability not verified | Cancellation/refunds: Not stated | Price and any booking fees are unknown | Ideology not classified; affiliation does not establish the views of attendees or performers. Free food, free drinks and young-professional offers are unverified unless labelled."
"london-lshtm-colonial-2026-10-26","Global health & colonial history","London School of Hygiene & Tropical Medicine","2026-10-26","2026-10-26T17:30:00+00:00","","","2026-10-26T18:30:00+00:00","Europe/London","in_person","John Snow Lecture Theatre, LSHTM","Keppel Street, London WC1E 7HT","","","Free","","","","Free and open to all; no registration required","","","Not positively confirmed","Not positively confirmed","Not positively confirmed","https://www.lshtm.ac.uk/newsevents/events/global-health-colonial-history-2026","","https://www.lshtm.ac.uk/newsevents/events/global-health-colonial-history-2026 | https://www.lshtm.ac.uk/newsevents/events-feed","","2026-10-06T21:11:59.316277+00:00","nonpartisan","Free food, free drinks and young-professional offers are unverified unless labelled."
"LUE-3af2ea1be4db","How Do We Speak About Central-Eastern Europe Today?","University College London (UCL)","2026-10-26","2026-10-26T18:00:00+00:00","","","2026-10-26T20:00:00+00:00","Europe/London","in_person","Denys Holland Lecture Theatre","UCL Laws, Bentham House, 4-8 Endsleigh Gardens, London, WC1H 0EG, United Kingdom","","","Free","","","","Open to All; Pre-booking essential","","","Not positively confirmed","Not positively confirmed","Not positively confirmed","https://www.ucl.ac.uk/arts-humanities/events/2026/oct/how-do-we-speak-about-central-eastern-europe-today","https://www.eventbrite.co.uk/e/how-do-we-speak-about-central-eastern-europe-today-tickets-2000965660154?aff=oddtdtcreator&_gl=1%2Ab4las8%2A_up%2AMQ..%2A_ga%2AMjA0NjkzMDIxMC4xNzg5Mzg0NjM3%2A_ga_TQVES5V6SH%2AczE3ODkzODQ2MzUkbzEkZzAkdDE3ODkzODQ2MzUkajYwJGwwJGgw","https://www.ucl.ac.uk/arts-humanities/events/2026/oct/how-do-we-speak-about-central-eastern-europe-today | https://www.ucl.ac.uk/events/all-events?ucl_audience%5BPublic%5D=Public&0=39&page=7","","2026-10-06T21:07:21.698401+00:00","nonpartisan","Registration destination linked by organiser; live ticket availability not independently checked. Free food, free drinks and young-professional offers are unverified unless labelled."
"LUE-405df894606b","Women of the world unite: the UN Decade for Women and transnational feminisms 1975 to now","London School of Economics and Political Science (LSE)","2026-10-26","2026-10-26T18:30:00+00:00","","","2026-10-26T20:00:00+00:00","Europe/London","hybrid","LSE campus, venue tbc to ticketholders","","","","Unknown","","","","Public event; advance registration required","","","Not positively confirmed","Not positively confirmed","Not positively confirmed","https://www.lse.ac.uk/events/women-of-the-world","https://lse360.my.site.com/events/s/event-signup?eId=a0iSq0000059RqvIAE","https://www.lse.ac.uk/events/women-of-the-world | https://www.lse.ac.uk/Events","","2026-10-06T21:08:43.796094+00:00","nonpartisan","Exact campus venue will be confirmed to ticket holders. Do not infer free pricing from the LSE programme: official FAQ says the vast majority of events are free, not all. Event-specific price was not verified. Exact LSE360 registration link is verified, but its live page returned a JavaScript/CSS error to read-only fetching; inventory not verified Cost detail: Not stated in the accessible event/booking source Online attendance: https://lselive.eckoenterprise.net/events/20261026/login. Free food, free drinks and young-professional offers are unverified unless labelled."
"LUE-817f6570a6bb","The madness of markets: why smart investors make crazy decisions – and how to exploit them","London School of Economics and Political Science (LSE)","2026-10-26","2026-10-26T18:30:00+00:00","","","2026-10-26T19:30:00+00:00","Europe/London","in_person","Old Theatre, Old Building","","","","Free","","","","Public event; advance registration required","","","Not positively confirmed","Not positively confirmed","Not positively confirmed","https://www.lse.ac.uk/events/open/the-madness-of-markets","https://events.bookitbee.com/financial-markets-group-2/the-madness-of-markets/","https://www.lse.ac.uk/events/open/the-madness-of-markets | https://www.lse.ac.uk/Events","","2026-10-06T21:08:44.020434+00:00","nonpartisan","Street address not independently verified; published campus venue retained. Free food, free drinks and young-professional offers are unverified unless labelled."
"LUC-e1f1bb7a8845","Politics and Economic Shocks, from the IMF Crisis to the Mini-Budget","Queen Mary University of London","2026-10-26","2026-10-26T18:30:00+00:00","","","2026-10-26T20:00:00+00:00","Europe/London","in_person","Mile End Campus; room TBC","Mile End Campus, London; exact venue announced one week beforehand","","","Free","","","","All welcome; tickets must be reserved in advance","","","Not positively confirmed","Not positively confirmed","Not positively confirmed","https://www.qmul.ac.uk/events/upcoming-events/politics-and-economic-shocks-from-the-imf-crisis-to-the-mini-budget-1.html","https://www.eventbrite.co.uk/e/politics-and-economic-shocks-from-the-imf-crisis-to-the-mini-budget-tickets-2002611527989","https://www.eventbrite.co.uk/e/politics-and-economic-shocks-from-the-imf-crisis-to-the-mini-budget-tickets-2002611527989 | https://www.qmul.ac.uk/events/upcoming-events/politics-and-economic-shocks-from-the-imf-crisis-to-the-mini-budget-1.html","","2026-10-06T21:17:40.634319+00:00","nonpartisan","Queen Mary web source captured in evidence/qmul-web-verification.json; direct HTTP fetch returned 403 Exact room to be announced one week before the event Free food, free drinks and young-professional offers are unverified unless labelled."
"LUC-1672263068d4","Book talk: 'Twelve Days that Shook the Middle East'","SOAS University of London","2026-10-26","2026-10-26T18:30:00+00:00","","","2026-10-26T20:30:00+00:00","Europe/London","in_person","Wolfson Lecture Theatre (SWLT), Paul Webley Wing, Senate House, SOAS","Paul Webley Wing, Senate House, Malet Street, London WC1E 7HU","","","Free","","","","Public registration; booking required","","","Not positively confirmed","Not positively confirmed","Not positively confirmed","https://www.soas.ac.uk/about/event/book-talk-twelve-days-shook-middle-east","https://forms.cloud.microsoft/e/ti9utAZNZQ","https://www.soas.ac.uk/about/event/book-talk-twelve-days-shook-middle-east","","2026-10-06T21:15:10.771691+00:00","foreign_policy","Free food, free drinks and young-professional offers are unverified unless labelled."
"B1-44000c41c0ef","Ayn Rand Lecture 2026: A Rational Life with Madsen Pirie","Adam Smith Institute","2026-10-26","2026-10-26T19:00:00+00:00","2026-10-26T18:00:00+00:00","","2026-10-26T21:00:00+00:00","Europe/London","in_person","Drapers’ Hall","Throgmorton Avenue, London EC2N 2DQ","","","Free","Unknown unless explicitly stated in price","Unknown unless explicitly stated in access","Unknown","Registration; smart dress, lounge suits/business wear; registration subject to host approval","Request to join; host approval required","Unknown; no refund or cancellation policy verified","Not positively confirmed","Not positively confirmed","Not positively confirmed","https://www.adamsmith.org/events/annual-any-rand-lecture-2026","https://luma.com/63g6l0e5","https://www.adamsmith.org/events/annual-any-rand-lecture-2026 | https://www.adamsmith.org/events/ | https://luma.com/63g6l0e5","EH-190","2026-10-06T14:56:00.452369+00:00","Not classified","Header map incorrectly gives ASI office; detailed housekeeping specifies Drapers’ Hall | Refreshments/drinks explicitly advertised | Arrival/doors time: 2026-10-26T18:00:00+00:00; distinct from programme start | Availability: Request to join; host approval required | Cancellation/refunds: Unknown; no refund or cancellation policy verified | Ideology not classified; affiliation does not establish the views of attendees or performers. Free food, free drinks and young-professional offers are unverified unless labelled."
"B3-2026-10-27-6c27e97c7a","Drinks Reception with Lord John Redwood","Queen’s Park and Maida Vale Conservatives","2026-10-27","TBC","","","2026-10-27T22:30:00+00:00","Europe/London","in_person","Private space in Little Venice, near Warwick Avenue station","","London","England","£30 members and Young Conservatives under 30; £40 non-members; includes beer, wine, soft drinks and light nibbles. Fees not verified.","See price field where verified; otherwise not published/verified","Unknown unless explicitly stated in access","Not published in retrieved event details","Members and non-members; YC price requires under 30","Organiser continues to advertise; current ticket availability unknown. Ticket Tailor was unavailable at the October 6 check; current retrieval failed.","No cancellation notice found in sources checked; live status remains subject to organiser confirmation","Not positively confirmed","Not positively confirmed","Not positively confirmed","https://www.tickettailor.com/events/queensparkandmaidavaleconservatives/2366137","https://www.tickettailor.com/events/queensparkandmaidavaleconservatives/2366137","https://www.tickettailor.com/events/queensparkandmaidavaleconservatives/2366137 | https://www.queensparkmaidavaleconservatives.uk/events/drinks-reception-lord-john-redwood | https://www.queensparkmaidavaleconservatives.uk/events","NC-061","2026-10-06T15:09:31.207957+00:00","Not classified","Source row is legacy Westminster North with an unrelated supplied domain. Corrected organisation researched; exact address sent 24 hours before. | Live ticket header starts 18:00; description twice says 18:30–22:30. Confirm start; unavailable does not by itself mean cancelled or sold out. | Availability: Organiser continues to advertise; current ticket availability unknown. Ticket Tailor was unavailable at the October 6 check; current retrieval failed. | Cancellation/refunds: No cancellation notice found in sources checked; live status remains subject to organiser confirmation | Ideology not classified; affiliation does not establish the views of attendees or performers. Free food, free drinks and young-professional offers are unverified unless labelled."
"B1-de0923163b93","Food for Thought with James Turk","Institute of Economic Affairs","2026-10-27","2026-10-27T12:30:00+00:00","","","2026-10-27T14:00:00+00:00","Europe/London","in_person","IEA Office","Institute of Economic Affairs, Westminster, London; street address should be confirmed in RSVP","London","United Kingdom","Unknown","Unknown","Unknown","","RSVP advertised; membership/guest eligibility not stated","Registration/RSVP link advertised; current capacity and form operation not independently verified","Unknown; no cancellation/rescheduling notice in inspected official sources","Not positively confirmed","Not positively confirmed","Not positively confirmed","https://economicaffairs.co.uk/p/invitation-food-for-thought-with-8e6","https://instituteofeconomicaffairs.beaconforms.com/form/daf6ed26","https://iea.org.uk/events-upcoming/ | https://economicaffairs.co.uk/p/invitation-food-for-thought-with-8e6 | https://instituteofeconomicaffairs.beaconforms.com/form/daf6ed26","","2026-10-08T13:02:52.243251+00:00","other","Free food, free drinks and young-professional offers are unverified unless labelled."
"london-lshtm-bcg-2026-10-27","Selective BCG vaccination in postcolonial Britain (1965–2005)","London School of Hygiene & Tropical Medicine","2026-10-27","2026-10-27T12:45:00+00:00","","","2026-10-27T14:00:00+00:00","Europe/London","online","Online","","","","Free","","","","Free and open to all; no registration required","","","Not positively confirmed","Not positively confirmed","Not positively confirmed","https://www.lshtm.ac.uk/newsevents/events/selective-bcg-vaccination-postcolonial-britain-1965-2005","https://lshtm.zoom.us/j/83495088018","https://www.lshtm.ac.uk/newsevents/events/selective-bcg-vaccination-postcolonial-britain-1965-2005 | https://www.lshtm.ac.uk/newsevents/events-feed","","2026-10-06T21:11:59.315709+00:00","nonpartisan","Free food, free drinks and young-professional offers are unverified unless labelled."
"LUC-3288be3a4907","Agri-food market concentration: measurement, archetypes, causal patterns and implications","Birkbeck, University of London","2026-10-27","2026-10-27T13:00:00+00:00","","","2026-10-27T14:00:00+00:00","Europe/London","online","Online","Online","","","Unknown","","","","Public lecture or event tag; registration offered","","","Not positively confirmed","Not positively confirmed","Not positively confirmed","https://www.bbk.ac.uk/events/event/65732/agri-food-market-concentration-measurement-archetypes-causal-patterns-and-implications","https://www.bbk.ac.uk/booking/event/65732","https://www.bbk.ac.uk/events/event/65732/agri-food-market-concentration-measurement-archetypes-causal-patterns-and-implications","","2026-10-06T21:11:45.699161+00:00","nonpartisan","Free food, free drinks and young-professional offers are unverified unless labelled."
"LUC-4d6789116096","Grantham Institute Annual Lecture 2026 with Anne Hidalgo","Imperial College London – Grantham Institute","2026-10-27","2026-10-27T18:00:00+00:00","2026-10-27T17:30:00+00:00","","2026-10-27T20:30:00+00:00","Europe/London","hybrid","LT200, City and Guilds Building, South Kensington Campus; online option","Imperial College London, South Kensington, London; full attendance details after registration","","","Free","","","","Free public event; advance registration required for in-person or online tickets","","","Not positively confirmed","Not positively confirmed","Not positively confirmed","https://www.imperial.ac.uk/events/213510/grantham-institute-annual-lecture-2026-with-anne-hidalgo/","https://luma.com/uyqc0kwq","https://www.imperial.ac.uk/events/213510/grantham-institute-annual-lecture-2026-with-anne-hidalgo/ | https://luma.com/uyqc0kwq","","2026-10-06T21:18:09.819892+00:00","nonpartisan","Registration17:30; talks18:00–19:30; reception19:30–20:30. Calendar end is the overall event close. Imperial detail page returned 403; official indexed event information cross-checked with live organiser-managed Luma Talk is 18:00–19:30; overall event runs 17:30–20:30 including registration and reception Luma shares full address only after registration Programme ends: 2026-10-27T19:30:00+00:00. Reception starts: 2026-10-27T19:30:00+00:00. Reception ends: 20:30. Free food, free drinks and young-professional offers are unverified unless labelled."
"LUC-2d0aad3754c5","Book launch: 'Decolonizing African Politics: Bridging the Contours of Debate'","SOAS University of London","2026-10-27","2026-10-27T18:00:00+00:00","","","2026-10-27T20:00:00+00:00","Europe/London","in_person","Khalili Lecture Theatre (KLT), SOAS University of London, Main Building","10 Thornhaugh Street, Russell Square, London WC1H 0XG","","","Free","","","","Public registration; booking required","","","Not positively confirmed","Not positively confirmed","Not positively confirmed","https://www.soas.ac.uk/about/event/book-launch-decolonizing-african-politics-bridging-contours-debate","https://www.eventbrite.co.uk/e/book-launch-decolonizing-african-politics-bridge-tickets-2002568665787?aff=oddtdtcreator","https://www.soas.ac.uk/about/event/book-launch-decolonizing-african-politics-bridging-contours-debate | https://www.eventbrite.co.uk/e/book-launch-decolonizing-african-politics-bridge-tickets-2002568665787?aff=oddtdtcreator","","2026-10-06T21:16:50.247460+00:00","nonpartisan","Free food, free drinks and young-professional offers are unverified unless labelled."
"LUE-779031578409","Geography and the wealth of nations","London School of Economics and Political Science (LSE)","2026-10-27","2026-10-27T18:30:00+00:00","","","2026-10-27T20:00:00+00:00","Europe/London","hybrid","LSE campus, venue tbc to ticketholders","","","","Unknown","","","","Public hybrid event. In-person ticket ballot opens after 12:00 BST on 20 October, remains open until at least 12:00 BST on 21 October; one ticket request per person; result within three working days. Online registration available.","","","Not positively confirmed","Not positively confirmed","Not positively confirmed","https://www.lse.ac.uk/events/geography-wealth-nations","https://lselive.eckoenterprise.net/events/20261027/login","https://www.lse.ac.uk/events/geography-wealth-nations | https://www.lse.ac.uk/Events","","2026-10-06T21:08:44.045523+00:00","nonpartisan","Exact campus venue will be confirmed to ticket holders. Do not infer free pricing from the LSE programme: official FAQ says the vast majority of events are free, not all. Event-specific price was not verified. In-person ticket request ballot not yet open at verification time; no guarantee of allocation Cost detail: Not stated in the accessible event/booking source Online attendance: https://lselive.eckoenterprise.net/events/20261027/login. Free food, free drinks and young-professional offers are unverified unless labelled."
"eh-220-2026-10-27-120b6a9e4","Lord Howard of Lympne: In Conversation","UCL Conservative Society","2026-10-27","2026-10-27T18:30:00+00:00","2026-10-27T18:15:00+00:00","","2026-10-27T20:00:00+00:00","Europe/London","in_person","Venue supplied privately to ticket holders","","London","England","Free event ticket","No ticket fee stated","Unknown unless explicitly stated in access","Unknown","Booking login required; exact eligibility not stated","Advertised; ticket availability not verified","Not stated","Not positively confirmed","Not positively confirmed","Not positively confirmed","https://studentsunionucl.org/whats-on/events-activities/lord-howard-of-lympne-in-conversation?v=96820","https://studentsunionucl.org/whats-on/events-activities/lord-howard-of-lympne-in-conversation?v=96820","https://studentsunionucl.org/whats-on/events-activities/lord-howard-of-lympne-in-conversation?v=96820 | https://studentsunionucl.org/clubs-societies/conservative-society","EH-220","2026-10-06T15:09:31.207957+00:00","Not classified","Venue is emailed privately to ticket holders; no public address stated. | Arrival/doors time: 2026-10-27T18:15:00+00:00; distinct from programme start | Availability: Advertised; ticket availability not verified | Cancellation/refunds: Not stated | Ideology not classified; affiliation does not establish the views of attendees or performers. Free food, free drinks and young-professional offers are unverified unless labelled."
"eh-015-2026-10-27-51050fe5c","Political Dinner in Conversation with Aphra Brandreth MP & Gyles Brandreth","Carlton Club","2026-10-27","2026-10-27T19:30:00+00:00","2026-10-27T19:00:00+00:00","","Unknown","Europe/London","in_person","Carlton Club","69 St James’s Street, London SW1A 1PJ","London","England","Members £110; guests £120; top table £130; younger members £100","Not stated","Unknown unless explicitly stated in access","Unknown","Members and guests; younger-member price category available","Advertised; ticket availability not verified","Not stated","Not positively confirmed","Not positively confirmed","Not positively confirmed","https://carltonclub.co.uk/members-area/events/political-dinner-in-conversation-with-aphra-brandreth-mp-gyles-brandreth/","","https://carltonclub.co.uk/members-area/events/political-dinner-in-conversation-with-aphra-brandreth-mp-gyles-brandreth/ | https://carltonclub.co.uk/wp-content/uploads/2026/08/G.-Brandreth-Evening-27.10.26.pdf | https://carltonclub.co.uk/members-area/events/ | https://carltonclub.co.uk/the-club/","EH-015","2026-10-06T15:09:31.207957+00:00","Not classified","Arrival/doors time: 2026-10-27T19:00:00+00:00; distinct from programme start | Availability: Advertised; ticket availability not verified | Cancellation/refunds: Not stated | Ideology not classified; affiliation does not establish the views of attendees or performers. Free food, free drinks and young-professional offers are unverified unless labelled."
"eh-020-2026-10-27-4212e6497","Club Quiz","Fairwater Conservative Club","2026-10-27","2026-10-27T19:30:00+00:00","","","Unknown","Europe/London","in_person","Fairwater Conservative Club, Members Lounge","61 Ely Road, Llandaff, Cardiff CF5 2BY","Cardiff","Wales","Unknown","Not stated","Unknown unless explicitly stated in access","Unknown","Members and guests only","Advertised; ticket availability not verified","Not stated","Not positively confirmed","Not positively confirmed","Not positively confirmed","https://www.fairwatercons.co.uk/copy-of-club-events","","https://www.fairwatercons.co.uk/copy-of-club-events | https://www.fairwatercons.co.uk/","EH-020","2026-10-06T15:09:31.207957+00:00","Not classified","Each occurrence is explicitly dated in the official 2026 calendar. | Availability: Advertised; ticket availability not verified | Cancellation/refunds: Not stated | Price and any booking fees are unknown | Ideology not classified; affiliation does not establish the views of attendees or performers. Free food, free drinks and young-professional offers are unverified unless labelled."
"B2-015","Developing a political CV","Conservative Women's Organisation","2026-10-28","TBC","","","Unknown","Europe/London","online","Online (UK organiser)","","","England","£30","Unknown","Unknown unless explicitly stated in access","Unknown","Full members only","not independently confirmed","Unknown; no refund or cancellation policy verified","Not positively confirmed","Not positively confirmed","Not positively confirmed","https://conservativewomen.uk/events/developing-a-political-cv-20261028/","https://conservativewomen.uk/login/","https://conservativewomen.uk/events/developing-a-political-cv-20261028/ | https://conservativewomen.uk/ | https://conservativewomen.uk/events/","EH-157","2026-10-06T14:49:55.909948+00:00","Not classified","Do not convert 6–7.30 to precise 24-hour time until meridiem is verified. | Britain-hosted online candidate; not a physical event. | 6–7.30; AM/PM not explicitly stated in visible text | £30; additional booking fees not verified | Availability: not independently confirmed | Cancellation/refunds: Unknown; no refund or cancellation policy verified | Ideology not classified; affiliation does not establish the views of attendees or performers. Free food, free drinks and young-professional offers are unverified unless labelled."
"eh-027-2026-10-28-f96589533","Lunchtime Bingo including Breakfast Buffet","North Enfield Conservative Club","2026-10-28","TBC","","","2026-10-28T15:00:00+00:00","Europe/London","in_person","North Enfield Social Club, Main Bar","278 Baker Street, Enfield EN1 3LD","Enfield, London","England","Unknown","Not stated","Unknown unless explicitly stated in access","Unknown","Private members’ club; check guest eligibility and event booking","Advertised; ticket availability not verified","Not stated","Not positively confirmed","Not positively confirmed","Not positively confirmed","https://neccenfieldnorth.co.uk/events.php","","https://neccenfieldnorth.co.uk/events.php | https://neccenfieldnorth.co.uk/ | https://neccenfieldnorth.co.uk/contact.php","EH-027","2026-10-06T15:09:31.207957+00:00","Not classified","Public calendar time may include doors/opening; separate programme start not stated. | Published calendar time: 2026-10-28T12:00:00+00:00; programme start is TBC | Availability: Advertised; ticket availability not verified | Cancellation/refunds: Not stated | Price and any booking fees are unknown | Ideology not classified; affiliation does not establish the views of attendees or performers. Free food, free drinks and young-professional offers are unverified unless labelled."
"nc-002-2026-10-28-2fca74048","Theatre Of Hate + Skids","Promoter not stated; listed by Lewes Con Club","2026-10-28","TBC","","","2026-10-28T22:30:00+00:00","Europe/London","in_person","Lewes Con Club","139 High Street, Lewes, East Sussex BN7 1XS","Lewes","England","Unknown","Not stated","Unknown unless explicitly stated in access","Unknown","Members and non-members welcome; check event-specific age restrictions","Advertised; ticket inventory not verified","Check ticket seller; venue does not manage most promoter tickets","Not positively confirmed","Not positively confirmed","Not positively confirmed","https://www.lewesconclub.com/events/theatre-of-hate-the-skids/","","https://www.lewesconclub.com/events/theatre-of-hate-the-skids/ | https://www.lewesconclub.com/ | https://www.lewesconclub.com/contact/","NC-002","2026-10-06T15:09:31.207957+00:00","Not classified","Availability: Advertised; ticket inventory not verified | Cancellation/refunds: Check ticket seller; venue does not manage most promoter tickets | Price and any booking fees are unknown | Ideology not classified; affiliation does not establish the views of attendees or performers. Free food, free drinks and young-professional offers are unverified unless labelled."
"eh-015-2026-10-28-73fd65970","The History of the Club’s Artwork: Tour with Neil Dilling","Carlton Club","2026-10-28","2026-10-28T10:00:00+00:00","","","Unknown","Europe/London","in_person","Carlton Club","69 St James’s Street, London SW1A 1PJ","London","England","Unknown","Not stated","Unknown unless explicitly stated in access","Unknown","Members and their guests","Advertised; ticket availability not verified","Not stated","Not positively confirmed","Not positively confirmed","Not positively confirmed","https://carltonclub.co.uk/members-area/events/the-history-of-the-clubs-artowrk-a-tour-with-neil-dilling/","","https://carltonclub.co.uk/members-area/events/the-history-of-the-clubs-artowrk-a-tour-with-neil-dilling/ | https://carltonclub.co.uk/wp-content/uploads/2026/09/Club-Tour-28.10.26.pdf | https://carltonclub.co.uk/members-area/events/ | https://carltonclub.co.uk/the-club/","EH-015","2026-10-06T15:09:31.207957+00:00","Not classified","Availability: Advertised; ticket availability not verified | Cancellation/refunds: Not stated | Price and any booking fees are unknown | Ideology not classified; affiliation does not establish the views of attendees or performers. Free food, free drinks and young-professional offers are unverified unless labelled."
"LUE-a6870337e358","People Power: Community organising, critical hope, and pragmatic theory","University College London (UCL)","2026-10-28","2026-10-28T11:00:00+00:00","","","2026-10-28T13:00:00+00:00","Europe/London","in_person","Room 106","Gordon House, 29 Gordon Square, London, WC1H 0PP, United Kingdom","","","Free","","","","Listed in UCL’s Public events calendar; Open","","","Not positively confirmed","Not positively confirmed","Not positively confirmed","https://www.ucl.ac.uk/social-historical-sciences/events/2026/oct/people-power-community-organising-critical-hope-and-pragmatic-theory","","https://www.ucl.ac.uk/social-historical-sciences/events/2026/oct/people-power-community-organising-critical-hope-and-pragmatic-theory | https://www.ucl.ac.uk/events/all-events?ucl_audience%5BPublic%5D=Public&0=39&page=7","","2026-10-06T21:08:09.922819+00:00","nonpartisan","End time appears in the official event calendar but is omitted from the event detail page. Free food, free drinks and young-professional offers are unverified unless labelled."
"LUE-31d1a55cb33e","Trump 2.0: Strategy or Chaos?","University College London (UCL)","2026-10-28","2026-10-28T13:00:00+00:00","","","2026-10-28T15:00:00+00:00","Europe/London","in_person","Room 103","51 Gordon Square, London, WC1H 0PN, United Kingdom","","","Free","","","","Open to All; Pre-booking essential","","","Not positively confirmed","Not positively confirmed","Not positively confirmed","https://www.ucl.ac.uk/social-historical-sciences/events/2026/oct/trump-20-strategy-or-chaos","https://www.eventbrite.co.uk/e/trump-20-strategy-or-chaos-tickets-2002419130523","https://www.ucl.ac.uk/social-historical-sciences/events/2026/oct/trump-20-strategy-or-chaos | https://www.ucl.ac.uk/events/all-events?ucl_audience%5BPublic%5D=Public&0=39&page=7","","2026-10-06T21:08:10.455778+00:00","nonpartisan","Registration destination linked by organiser; live ticket availability not independently checked. Free food, free drinks and young-professional offers are unverified unless labelled."
"LUC-d3e63d6688b5","Automated Discrimination: Unpacking the Digital Hostile Environment - Report launch","King's College London","2026-10-28","2026-10-28T17:30:00+00:00","","","2026-10-28T19:30:00+00:00","Europe/London","in_person","Dockrill Room (KIN 628), King's Building","Strand Campus, Strand, London, WC2R 2LS","","","Free","","","","Public registration; advance booking required; tickets on sale when checked","on_sale","","Not positively confirmed","Not positively confirmed","Not positively confirmed","https://www.kcl.ac.uk/events/automated-discrimination-unpacking-the-digital-hostile-environment-report-launch","https://www.eventbrite.co.uk/e/automated-discrimination-unpacking-the-digital-hostile-environment-tickets-2002621759592?aff=oddtdtcreator","https://www.kcl.ac.uk/events/automated-discrimination-unpacking-the-digital-hostile-environment-report-launch | https://www.eventbrite.co.uk/e/automated-discrimination-unpacking-the-digital-hostile-environment-tickets-2002621759592","","2026-10-06T21:16:50.246348+00:00","nonpartisan","Free food, free drinks and young-professional offers are unverified unless labelled."
"LUE-6b046ab97fbc","Male tyranny, epistemic bubbles, and echo chambers: Lessons from Macaulay","University College London (UCL)","2026-10-28","2026-10-28T17:30:00+00:00","","","2026-10-28T19:15:00+00:00","Europe/London","in_person","Room 642","IOE, 20 Bedford Way, London, WC1H0AL, United Kingdom","","","Free","","","","Open to All; Open","","","Not positively confirmed","Not positively confirmed","Not positively confirmed","https://www.ucl.ac.uk/ioe/events/2026/oct/male-tyranny-epistemic-bubbles-and-echo-chambers-lessons-macaulay","","https://www.ucl.ac.uk/ioe/events/2026/oct/male-tyranny-epistemic-bubbles-and-echo-chambers-lessons-macaulay | https://www.ucl.ac.uk/events/all-events?ucl_audience%5BPublic%5D=Public&0=39&page=7","","2026-10-06T21:08:11.510458+00:00","nonpartisan","Free food, free drinks and young-professional offers are unverified unless labelled."
"LUE-201c4aa98a49","Interpreting the elections in Serbia","University College London (UCL)","2026-10-28","2026-10-28T18:00:00+00:00","","","2026-10-28T20:00:00+00:00","Europe/London","in_person","B20 Jevons Lecture Theatre","30 Gordon Street, London, WC1H 0AX, United Kingdom","","","Free","","","","Open to All; Pre-booking essential","","","Not positively confirmed","Not positively confirmed","Not positively confirmed","https://www.ucl.ac.uk/arts-humanities/events/2026/oct/interpreting-elections-serbia","https://www.eventbrite.co.uk/e/interpreting-the-elections-in-serbia-tickets-2002944406638?aff=oddtdtcreator&_gl=1%2A2mxnba%2A_up%2AMQ..%2A_ga%2AMjM3MDk1ODMyLjE3OTEyMDk5NjE.%2A_ga_TQVES5V6SH%2AczE3OTEyMDk5NjAkbzEkZzAkdDE3OTEyMDk5NjAkajYwJGwwJGgw","https://www.ucl.ac.uk/arts-humanities/events/2026/oct/interpreting-elections-serbia | https://www.ucl.ac.uk/events/all-events?ucl_audience%5BPublic%5D=Public&0=39&page=8","","2026-10-06T21:08:16.838573+00:00","foreign_policy","Registration destination linked by organiser; live ticket availability not independently checked. Free food, free drinks and young-professional offers are unverified unless labelled."
"LUC-c8fa52a18207","Expanding the Community of Fate by Expanding the Community of Care","King's College London","2026-10-28","2026-10-28T18:15:00+00:00","","","2026-10-28T20:00:00+00:00","Europe/London","in_person","River Room, King's Building","Strand Campus, Strand, London, WC2R 2LS","","","Free","","","","Public registration; advance booking required; tickets on sale when checked","on_sale","","Not positively confirmed","Not positively confirmed","Not positively confirmed","https://www.kcl.ac.uk/events/expanding-the-community-of-fate-by-expanding-the-community-of-care","https://www.eventbrite.com/e/expanding-the-community-of-fate-by-expanding-the-community-of-care-tickets-1987134276112?aff=oddtdtcreator&keep_tld=true","https://www.kcl.ac.uk/events/expanding-the-community-of-fate-by-expanding-the-community-of-care | https://www.eventbrite.com/e/expanding-the-community-of-fate-by-expanding-the-community-of-care-tickets-1987134276112","","2026-10-06T21:15:24.555877+00:00","nonpartisan","Free food, free drinks and young-professional offers are unverified unless labelled."
"LUE-3809a504830a","How do Britain’s private schools reproduce privilege?","London School of Economics and Political Science (LSE)","2026-10-28","2026-10-28T18:30:00+00:00","","","2026-10-28T20:00:00+00:00","Europe/London","hybrid","LSE campus, venue tbc to ticketholders","","","","Free","","","","Public event; advance registration required","","","Not positively confirmed","Not positively confirmed","Not positively confirmed","https://www.lse.ac.uk/events/private-school-privilege","https://lse360.my.site.com/events/s/event-signup?eId=a0iSq0000059b3tIAA","https://www.lse.ac.uk/events/private-school-privilege | https://www.lse.ac.uk/Events","","2026-10-06T21:08:44.052714+00:00","nonpartisan","Exact campus venue will be confirmed to ticket holders. Exact LSE360 registration link is verified, but its live page returned a JavaScript/CSS error to read-only fetching; inventory not verified Online attendance: https://lselive.eckoenterprise.net/events/20261028/welcome. Free food, free drinks and young-professional offers are unverified unless labelled."
"london-iq-rachman-2026-10-28","War is Interested In You: The Threat of World War Three, with Gideon Rachman","Intelligence Squared (UK)","2026-10-28","2026-10-28T19:00:00+00:00","","","Unknown","Europe/London","in_person","Royal Geographical Society, London","","","","Unknown","","","","Public ticket sale through organiser-linked Eventbrite","","","Not positively confirmed","Not positively confirmed","Not positively confirmed","https://www.intelligencesquared.com/events/war-is-interested-in-you-the-threat-of-world-war-three-with-gideon-rachman-2","https://www.eventbrite.co.uk/e/1998488974320","https://www.intelligencesquared.com/events/war-is-interested-in-you-the-threat-of-world-war-three-with-gideon-rachman-2 | https://www.intelligencesquared.com/calendar","","2026-10-06T21:11:59.318773+00:00","foreign_policy","Organiser calendar creates a malformed query-string URL; the independently discovered canonical event page is accessible and identifies the London tour date Eventbrite returned HTTP 429; ticket cost, end time and live inventory not verified Street address not published on the checked organiser page Cost detail: Unknown; ticketed Free food, free drinks and young-professional offers are unverified unless labelled."
"B1-4053917da3d1","Vibe Shift with Brendan O’Neill","Leeds Salon; Academy of Ideas / Battle of Ideas (satellite partner)","2026-10-28","2026-10-28T19:00:00+00:00","2026-10-28T18:45:00+00:00","","2026-10-28T20:30:00+00:00","Europe/London","in_person","Carriageworks Theatre, Room1","The Electric Press, 3 Millennium Square, Leeds LS2 3AD","","","£6 cash at the door, or pay in advance through Leeds Salon homepage","Unknown unless explicitly stated in price","Unknown unless explicitly stated in access","Unknown","Pay at door or in advance","Unknown; current ticket availability not verified","Unknown; no refund or cancellation policy verified","Not positively confirmed","Not positively confirmed","Not positively confirmed","https://www.battleofideas.org.uk/session/vibe-shift-with-brendan-oneill/","https://leedssalon.org.uk/discussions/vibe-shift-with-brendan-oneill/","https://www.battleofideas.org.uk/session/vibe-shift-with-brendan-oneill/ | https://www.battleofideas.org.uk/strand/satellite-events/ | https://leedssalon.org.uk/discussions/vibe-shift-with-brendan-oneill/","EH-039","2026-10-06T15:10:14.440427+00:00","Not classified","Festival lists18:45; local host explicitly distinguishes doors18:45 and programme19:00 | Arrival/doors time: 2026-10-28T18:45:00+00:00; distinct from programme start | Availability: Unknown; current ticket availability not verified | Cancellation/refunds: Unknown; no refund or cancellation policy verified | Ideology not classified; affiliation does not establish the views of attendees or performers. Free food, free drinks and young-professional offers are unverified unless labelled."
"B1-896b083bc350","The Spectator’s post-Budget briefing","The Spectator","2026-10-28","2026-10-28T19:00:00+00:00","2026-10-28T18:00:00+00:00","","2026-10-28T20:30:00+00:00","Europe/London","in_person","Emmanuel Centre","Marsham Street, London","","","Free for Spectator subscribers through ballot","Unknown unless explicitly stated in price","Unknown unless explicitly stated in access","Unknown","Advance booking; Spectator subscriber ballot","Ballot open until 20 October","Unknown; no refund or cancellation policy verified","Not positively confirmed","Not positively confirmed","Not positively confirmed","https://events.spectator.co.uk/events/the-spectators-post-budget-briefing-2","https://form.typeform.com/to/uM1VfvLs","https://events.spectator.co.uk/events/the-spectators-post-budget-briefing-2 | https://events.spectator.co.uk/ | https://form.typeform.com/to/uM1VfvLs","EH-131","2026-10-06T14:56:00.452369+00:00","Not classified","Live ticket inventory and final booking fees not independently verified | Arrival/doors time: 2026-10-28T18:00:00+00:00; distinct from programme start | Availability: Ballot open until 20 October | Cancellation/refunds: Unknown; no refund or cancellation policy verified | Ideology not classified; affiliation does not establish the views of attendees or performers. Free food, free drinks and young-professional offers are unverified unless labelled."
"B1-81f655675995","The Austrian School of Economics in One Day","Vinson Centre","2026-10-29","2026-10-29T10:00:00+00:00","2026-10-29T09:30:00+00:00","","2026-10-29T18:45:00+00:00","Europe/London","in_person","Seminar Room VB5&6, Vinson Building, University of Buckingham","21 Hunter Street, Buckingham MK18 1EG","","","Free","Unknown unless explicitly stated in price","Unknown unless explicitly stated in access","Unknown","Ages 18+; registration required","Eventbrite lists InStock at check time","Unknown; no refund or cancellation policy verified","Not positively confirmed","Not positively confirmed","Not positively confirmed","https://vinsoncentre.com/events/","https://www.eventbrite.com/e/1996984095186","https://vinsoncentre.com/events/ | https://www.eventbrite.com/e/1996984095186 | https://www.eventbrite.com/e/1996984095186?aff=oddtdtcreator","EH-205","2026-10-06T15:04:00.218728+00:00","Not classified","Arrival/doors time: 2026-10-29T09:30:00+00:00; distinct from programme start | Availability: Eventbrite lists InStock at check time | Cancellation/refunds: Unknown; no refund or cancellation policy verified | Ideology not classified; affiliation does not establish the views of attendees or performers. Free food, free drinks and young-professional offers are unverified unless labelled."
"B1-177bce07eb51","Santa Rita Grand Cru Wines of Chile Lunch","The Spectator and Boisdale","2026-10-29","2026-10-29T13:00:00+00:00","2026-10-29T12:15:00+00:00","","2026-10-29T15:00:00+00:00","Europe/London","in_person","Boisdale Canary Wharf","Upper Level, 1 Cabot Place, London E14 4QT","","","£149 all-inclusive; £135 for Spectator readers","Unknown unless explicitly stated in price","Unknown unless explicitly stated in access","Unknown","Advance booking; see event/ticket terms","Advertised; current ticket inventory unverified because booking page could not be retrieved","Unknown; no refund or cancellation policy verified","Not positively confirmed","Not positively confirmed","Not positively confirmed","https://events.spectator.co.uk/events/santa-rita-grand-cru-wines-of-chile-lunch","https://events.spectator.co.uk/events/santa-rita-grand-cru-wines-of-chile-lunch","https://events.spectator.co.uk/events/santa-rita-grand-cru-wines-of-chile-lunch | https://events.spectator.co.uk/ | https://club.spectator.co.uk/events/santa-rita-grand-cru-wines-of-chile-lunch-thursday-29-october-boisdale-canary-wharf-12-15-for-1pm-ps135 | https://boisdaletickets.co.uk/p/13144?code=SPECTATOR","EH-131","2026-10-06T14:56:00.452369+00:00","Not classified","Reception and tasting 12:15–13:00; lunch 13:00. Organised by The Spectator and Boisdale; no religious institution identified as host. Age, separate fees and cancellation terms unverified. Free food, free drinks and young-professional offers are unverified unless labelled."
"LUE-6179934cf713","How Judges Become Vulnerable to Populist Attack","University College London (UCL)","2026-10-29","2026-10-29T13:00:00+00:00","","","2026-10-29T14:30:00+00:00","Europe/London","hybrid","UCL Faculty of Laws","Bentham House, Endsleigh Gardens, London, WC1H 0EG, United Kingdom","","","Free","","","","Open to All; Ticketed","","","Not positively confirmed","Not positively confirmed","Not positively confirmed","https://www.ucl.ac.uk/laws/events/2026/oct/how-judges-become-vulnerable-populist-attack","https://www.eventbrite.co.uk/e/plss-how-judges-become-vulnerable-to-populist-attack-tickets-2002613727568?aff=oddtdtcreator&_gl=1%2Afho3xw%2A_up%2AMQ..%2A_ga%2AMTEzMjgzNzk5OC4xNzkwNzU5MzUz%2A_ga_TQVES5V6SH%2AczE3OTA3NTkzNTIkbzEkZzAkdDE3OTA3NTkzNTIkajYwJGwwJGgw","https://www.ucl.ac.uk/laws/events/2026/oct/how-judges-become-vulnerable-populist-attack | https://www.ucl.ac.uk/events/all-events?ucl_audience%5BPublic%5D=Public&0=39&page=8","LUE-UCL","2026-10-06T21:08:09.673839+00:00","law","Registration destination linked by organiser; live ticket availability not independently checked. Free food, free drinks and young-professional offers are unverified unless labelled."
"LUC-ee7c6b308a86","Should the United States Pursue a Nuclear Damage-Limitation Capability?","King's College London","2026-10-29","2026-10-29T14:00:00+00:00","","","2026-10-29T15:30:00+00:00","Europe/London","in_person","Dockrill Room (KIN 628), Strand Campus","Strand, London, WC2R 2LS","","","Free","","","","Public registration; advance booking required; tickets on sale when checked","on_sale","","Not positively confirmed","Not positively confirmed","Not positively confirmed","https://www.kcl.ac.uk/events/should-the-united-states-pursue-a-nuclear-damage-limitation-capability","https://www.eventbrite.co.uk/e/should-the-united-states-pursue-a-nuclear-damage-limitation-capability-tickets-2000258322488?aff=oddtdtcreator&_gl=1*16vo74b*_up*MQ..*_ga*MTQ4MDA0NTkyOS4xNzg4OTU4NDk1*_ga_TQVES5V6SH*czE3ODg5NTg0OTQkbzEkZzEkdDE3ODg5NTg1OTckajYwJGwwJGgw&keep_tld=true","https://www.kcl.ac.uk/events/should-the-united-states-pursue-a-nuclear-damage-limitation-capability | https://www.eventbrite.co.uk/e/should-the-united-states-pursue-a-nuclear-damage-limitation-capability-tickets-2000258322488","","2026-10-06T21:16:50.244649+00:00","foreign_policy","Free food, free drinks and young-professional offers are unverified unless labelled."
"LUE-23da53779e0d","Reframing Complete Abortion Decriminalisation as a Public Law Question: A Transnational Inquiry","University College London (UCL)","2026-10-29","2026-10-29T18:00:00+00:00","","","2026-10-29T19:00:00+00:00","Europe/London","hybrid","UCL Faculty of Laws","4-8 Endsleigh Gardens, London, WC1H 0EG, United Kingdom","","","Free","","","","Open to All; Pre-booking essential","","","Not positively confirmed","Not positively confirmed","Not positively confirmed","https://www.ucl.ac.uk/laws/events/2026/oct/reframing-complete-abortion-decriminalisation-public-law-question-transnational-inquiry","https://www.eventbrite.co.uk/e/reframing-complete-abortion-decriminalisation-as-a-public-law-question-tickets-2001134497150?aff=oddtdtcreator","https://www.ucl.ac.uk/laws/events/2026/oct/reframing-complete-abortion-decriminalisation-public-law-question-transnational-inquiry | https://www.ucl.ac.uk/events/all-events?ucl_audience%5BPublic%5D=Public&0=39&page=8","LUE-UCL","2026-10-06T21:08:09.707890+00:00","law","Registration destination linked by organiser; live ticket availability not independently checked. Free food, free drinks and young-professional offers are unverified unless labelled."
"LUE-1c82b6fbddd5","Policy & practice seminar: The US midterms","University College London (UCL)","2026-10-29","2026-10-29T18:15:00+00:00","","","2026-10-29T19:30:00+00:00","Europe/London","in_person","G6 Lecture Theatre","UCL Institute of Archaeology, 31-34 Gordon Square, London, WC1H0PY, United Kingdom","","","Free","","","","Open to All; Ticketed","","","Not positively confirmed","Not positively confirmed","Not positively confirmed","https://www.ucl.ac.uk/social-historical-sciences/events/2026/oct/policy-practice-seminar-us-midterms","https://www.eventbrite.co.uk/e/policy-practice-seminar-the-us-midterms-tickets-1999089571723?aff=oddtdtcreator","https://www.ucl.ac.uk/social-historical-sciences/events/2026/oct/policy-practice-seminar-us-midterms | https://www.ucl.ac.uk/events/all-events?ucl_audience%5BPublic%5D=Public&0=39&page=8","","2026-10-06T21:07:15.181438+00:00","foreign_policy","Registration destination linked by organiser; live ticket availability not independently checked. Seats are allocated first come, first served; registration does not guarantee a seat. Free food, free drinks and young-professional offers are unverified unless labelled."
"LUE-1f84ce5c993f","Eurosclerosis 2.0 in a changing world: from repetition to rupture","London School of Economics and Political Science (LSE)","2026-10-29","2026-10-29T18:30:00+00:00","","","2026-10-29T20:00:00+00:00","Europe/London","hybrid","MAR.1.08, Marshall Building","Marshall Building, 44 Lincoln's Inn Fields, London WC2A 3LY","","","Free","","","","Public event; advance registration required","","","Not positively confirmed","Not positively confirmed","Not positively confirmed","https://www.lse.ac.uk/european-institute/events/2026-27/eurosclerosis-2.0-in-a-changing-world-from-repetition-to-rupture","https://www.eventbrite.co.uk/e/2001550933723?aff=oddtdtcreator","https://www.lse.ac.uk/european-institute/events/2026-27/eurosclerosis-2.0-in-a-changing-world-from-repetition-to-rupture | https://www.lse.ac.uk/Events","","2026-10-06T21:08:44.239382+00:00","nonpartisan","Street address not independently verified; published campus venue retained. Online attendance: https://lse.zoom.us/webinar/register/WN_3es22i5mQoaHT536vkjiIQ. Free food, free drinks and young-professional offers are unverified unless labelled."
"LUE-e0f03ef3b880","The big picture as an approach to the study of international relations","London School of Economics and Political Science (LSE)","2026-10-29","2026-10-29T18:30:00+00:00","","","2026-10-29T20:00:00+00:00","Europe/London","hybrid","LSE campus, venue tbc to ticketholders","","","","Unknown","","","","Public event; advance registration required","","","Not positively confirmed","Not positively confirmed","Not positively confirmed","https://www.lse.ac.uk/events/study-of-international-relations","https://lse360.my.site.com/events/s/event-signup?eId=a0iSq0000059ezRIAQ","https://www.lse.ac.uk/events/study-of-international-relations | https://www.lse.ac.uk/Events","","2026-10-06T21:08:44.171530+00:00","foreign_policy","Exact campus venue will be confirmed to ticket holders. Do not infer free pricing from the LSE programme: official FAQ says the vast majority of events are free, not all. Event-specific price was not verified. Exact LSE360 registration link is verified, but its live page returned a JavaScript/CSS error to read-only fetching; inventory not verified Cost detail: Not stated in the accessible event/booking source Online attendance: https://lselive.eckoenterprise.net/events/20261029/welcome. Free food, free drinks and young-professional offers are unverified unless labelled."
"LUE-e0564a58749d","Domestic violence and human rights: Lessons from the European Court of Human Rights","University College London (UCL)","2026-10-29","2026-10-29T18:30:00+00:00","","","Unknown","Europe/London","in_person","Denys Holland Lecture Theatre","B31, Bentham House, 4-8 Endsleigh Gardens, London, WC1H 0EG, United Kingdom","","","Free","","","","Open to All; Ticketed and Pre-booking essential","","","Not positively confirmed","Not positively confirmed","Not positively confirmed","https://www.ucl.ac.uk/mathematical-physical-sciences/events/2026/oct/domestic-violence-and-human-rights-lessons-european-court-human-rights","https://www.eventbrite.co.uk/e/domestic-violence-and-human-rights-tickets-2002076826683","https://www.ucl.ac.uk/mathematical-physical-sciences/events/2026/oct/domestic-violence-and-human-rights-lessons-european-court-human-rights | https://www.ucl.ac.uk/events/all-events?ucl_audience%5BPublic%5D=Public&0=39&page=8","LUE-UCL","2026-10-06T21:08:09.718733+00:00","law","End time appears in the official event calendar but is omitted from the event detail page. Registration destination linked by organiser; live ticket availability not independently checked. End time conflicts: UCL event metadata21:00; organiser Eventbrite20:00. Start18:30 agrees. Leave end unconfirmed rather than choosing an unsupported single end. Free food, free drinks and young-professional offers are unverified unless labelled."
"LUC-1e32d657d7b9","Materialisms Reading Group: The Production of Space","University of Westminster","2026-10-29","2026-10-29T18:30:00+00:00","","","2026-10-29T20:00:00+00:00","Europe/London","in_person","Westminster Forum, 5th floor","32–38 Wells Street, London W1T 3UW","","","Free","","","","Open to all","","","Not positively confirmed","Not positively confirmed","Not positively confirmed","https://www.westminster.ac.uk/events/materialisms-reading-group-the-production-of-space","","https://www.westminster.ac.uk/events/materialisms-reading-group-the-production-of-space","","2026-10-06T21:09:35.990999+00:00","nonpartisan","Free food, free drinks and young-professional offers are unverified unless labelled."
"regional-2026-10-29-kevin-hollinrake-dinner","An Evening with Kevin Hollinrake – Joint Fundraising Dinner","Amber Valley, Erewash, Mid Derbyshire & Derby City, and South Derbyshire Conservatives","2026-10-29","2026-10-29T19:00:00+00:00","","","Unknown","Europe/London","in_person","Morley Hayes Hotel","Main Road, Morley Hayes, Ilkeston, Derbyshire DE7 6DG","Morley / Ilkeston","England","£47.50 per person","Not separately stated; final checkout total not verified","Not stated","Not stated","Members and supporters welcome","Advertised; live capacity not confirmed","Not stated in checked sources","Not positively confirmed","Not positively confirmed","Not positively confirmed","https://www.southderbyshireconservatives.org.uk/events/evening-party-chairman","https://www.southderbyshireconservatives.org.uk/events/evening-party-chairman","https://www.southderbyshireconservatives.org.uk/events/evening-party-chairman | https://www.southderbyshireconservatives.org.uk/events","EH-076 | EH-093","2026-10-06T15:09:31.207957+00:00","Not classified","19:00 is the event-page time; doors versus meal start not separately established | NC-028 Derby City Council Conservatives is related but not proven identical to the hosting association, so not merged into sourceRowIds | Event flyer inaccessible through web extraction | Availability: Advertised; live capacity not confirmed | Cancellation/refunds: Not stated in checked sources | Ideology not classified; affiliation does not establish the views of attendees or performers. Free food, free drinks and young-professional offers are unverified unless labelled."
"regional-2026-10-29-diwali-dinner","Diwali Dinner with Shivani Raja MP","Solihull Borough Conservatives","2026-10-29","2026-10-29T19:00:00+00:00","","","Unknown","Europe/London","in_person","Solihull Sports & Social Club","Brick Kiln Lane, Solihull B91 3LE","Solihull","England","£35 per person; £25 Young Conservatives","Not separately stated; final checkout total not verified","Not stated","Not stated","Publicly advertised no membership rule stated","Advertised; live capacity not confirmed","Not stated in checked sources","Not positively confirmed","Not positively confirmed","Not positively confirmed","https://www.solihullconservatives.org.uk/events/diwali-dinner","https://www.solihullconservatives.org.uk/events/diwali-dinner","https://www.solihullconservatives.org.uk/events/diwali-dinner | https://www.solihullconservatives.org.uk/","EH-091","2026-10-06T15:09:31.207957+00:00","Not classified","Includes Indian buffet, entertainment and soft drinks on arrival; raffle | YC concession qualification and minimum age not stated | Availability: Advertised; live capacity not confirmed | Cancellation/refunds: Not stated in checked sources | Ideology not classified; affiliation does not establish the views of attendees or performers. Free food, free drinks and young-professional offers are unverified unless labelled."
"eh-020-2026-10-29-25e84119d","Club Bingo","Fairwater Conservative Club","2026-10-29","2026-10-29T19:30:00+00:00","","","Unknown","Europe/London","in_person","Fairwater Conservative Club","61 Ely Road, Llandaff, Cardiff CF5 2BY","Cardiff","Wales","Unknown","Not stated","Unknown unless explicitly stated in access","Unknown","Members and guests only","Advertised; ticket availability not verified","Not stated","Not positively confirmed","Not positively confirmed","Not positively confirmed","https://www.fairwatercons.co.uk/copy-of-club-events","","https://www.fairwatercons.co.uk/copy-of-club-events | https://www.fairwatercons.co.uk/","EH-020","2026-10-06T15:09:31.207957+00:00","Not classified","Each occurrence is explicitly dated in the official 2026 calendar. | Availability: Advertised; ticket availability not verified | Cancellation/refunds: Not stated | Price and any booking fees are unknown | Ideology not classified; affiliation does not establish the views of attendees or performers. Free food, free drinks and young-professional offers are unverified unless labelled."
"eh-027-2026-10-30-1ddbf87b9","Pop Quiz & Bingo with DJ Howie Roscoe","North Enfield Conservative Club","2026-10-30","TBC","","","2026-10-30T23:00:00+00:00","Europe/London","in_person","North Enfield Social Club, Main Bar","278 Baker Street, Enfield EN1 3LD","Enfield, London","England","Unknown","Not stated","Unknown unless explicitly stated in access","Unknown","Private members’ club; check guest eligibility and event booking","Advertised; ticket availability not verified","Not stated","Not positively confirmed","Not positively confirmed","Not positively confirmed","https://neccenfieldnorth.co.uk/events.php","","https://neccenfieldnorth.co.uk/events.php | https://neccenfieldnorth.co.uk/ | https://neccenfieldnorth.co.uk/contact.php","EH-027","2026-10-06T15:09:31.207957+00:00","Not classified","Public calendar time may include doors/opening; separate programme start not stated. | Published calendar time: 2026-10-30T19:00:00+00:00; programme start is TBC | Availability: Advertised; ticket availability not verified | Cancellation/refunds: Not stated | Price and any booking fees are unknown | Ideology not classified; affiliation does not establish the views of attendees or performers. Free food, free drinks and young-professional offers are unverified unless labelled."
"LUC-98611517de91","Book Launch: Currency of Nihilism","City St George's, University of London / Bayes Business School","2026-10-30","2026-10-30T18:15:00+00:00","","","2026-10-30T19:45:00+00:00","Europe/London","in_person","A130 (College Building)","College Building, 280 St John Street, London EC1V 4PB","","","Free","","","","Public; free registration advertised","","","Not positively confirmed","Not positively confirmed","Not positively confirmed","https://www.citystgeorges.ac.uk/news-and-events/events/2026/october/book-launch-currency-of-nihilism","https://cityunilondon.eu.qualtrics.com/jfe/form/SV_e4mnXfLr0nCCDWK","https://www.citystgeorges.ac.uk/news-and-events/events/2026/october/book-launch-currency-of-nihilism","","2026-10-06T21:11:41.583109+00:00","nonpartisan","Free food, free drinks and young-professional offers are unverified unless labelled."
"regional-2026-10-30-david-starkey-dinner","An evening with David Starkey","North Cornwall Conservatives with Holsworthy Branch of Torridge & Tavistock Conservatives","2026-10-30","2026-10-30T19:00:00+00:00","2026-10-30T18:30:00+00:00","","2026-10-30T23:30:00+00:00","Europe/London","in_person","Prestigious location in the Launceston area, confirmed on booking","","Launceston","England","£60 general admission; £40 TTCA Patrons; £30 Young Conservatives","Not separately stated; final checkout total not verified","Not stated","Not stated","General admission ticket available","General, TTCA Patron and Young Conservative ticket types selectable at check; no quantity selected","Not stated in checked sources","Not positively confirmed","Not positively confirmed","Not positively confirmed","https://www.northcornwallconservatives.co.uk/events/evening-david-starkey","https://www.tickettailor.com/events/torridgeandtavistockconservatives/2317101","https://www.northcornwallconservatives.co.uk/events/evening-david-starkey | https://www.torridgeandtavistockconservatives.org.uk/events/evening-with-david-starkey | https://www.tickettailor.com/events/torridgeandtavistockconservatives/2317101","EH-079 | EH-099 | NC-058","2026-10-06T15:09:31.207957+00:00","Not classified","Advance booking essential; menu choices and dietary requirements requested | Smart formal attire recommended | Exact venue intentionally disclosed only on booking; YC and Patron eligibility not explained | Arrival/doors time: 2026-10-30T18:30:00+00:00; distinct from programme start | Availability: General, TTCA Patron and Young Conservative ticket types selectable at check; no quantity selected | Cancellation/refunds: Not stated in checked sources | Ideology not classified; affiliation does not establish the views of attendees or performers. Free food, free drinks and young-professional offers are unverified unless labelled."
"eh-017-2026-10-30-d05c37543","Meat Raffle","Court Barn Conservative Club","2026-10-30","2026-10-30T19:30:00+00:00","","","2026-10-30T20:00:00+00:00","Europe/London","in_person","Court Barn Conservative Club, Lounge Bar","Court Barn Lane, Broom Way, Lee-on-the-Solent PO13 9NZ","Lee-on-the-Solent, Hampshire","England","Unknown","Not stated","Unknown unless explicitly stated in access","Unknown","Club event; guest eligibility and admission cost not stated","Advertised; ticket availability not verified","Not stated","Not positively confirmed","Not positively confirmed","Not positively confirmed","https://courtbarn.co.uk/event/meat-raffle-3/","","https://courtbarn.co.uk/event/meat-raffle-3/ | https://courtbarn.co.uk/events/","EH-017","2026-10-06T15:09:31.207957+00:00","Not classified","Availability: Advertised; ticket availability not verified | Cancellation/refunds: Not stated | Price and any booking fees are unknown | Ideology not classified; affiliation does not establish the views of attendees or performers. Free food, free drinks and young-professional offers are unverified unless labelled."
"regional-2026-10-30-marlborough-quiz","MAC Quiz Night","Marlborough Area Conservatives / East Wiltshire Conservative Association","2026-10-30","2026-10-30T19:30:00+00:00","2026-10-30T19:00:00+00:00","","Unknown","Europe/London","in_person","Manton Village Hall","Preshute Lane, Manton SN8 4HQ","Manton / Marlborough","England","£15 individual; £25 couple; £5 under 21","Not separately stated; final checkout total not verified","Not stated","Not stated","Friends and neighbours explicitly welcome","Advertised; live capacity not confirmed","Not stated in checked sources","Not positively confirmed","Not positively confirmed","Not positively confirmed","https://www.eastwiltshireconservatives.org.uk/events/mac-quiz-night","https://www.eastwiltshireconservatives.org.uk/events/mac-quiz-night","https://www.eastwiltshireconservatives.org.uk/events/mac-quiz-night | https://www.eastwiltshireconservatives.org.uk/events | https://www.eastwiltshireconservatives.org.uk/","NC-029","2026-10-06T15:09:31.207957+00:00","Not classified","Devizes historical row routed to East Wiltshire using the official 2023 successor meeting notice; not merged with Melksham & Devizes | Teams of four or six; singles/couples accommodated; free arrival drink and chilli supper; cash bar | Booking enquiries Roger Grant 01672 516235; email obscured in web extraction | Arrival/doors time: 2026-10-30T19:00:00+00:00; distinct from programme start | Availability: Advertised; live capacity not confirmed | Cancellation/refunds: Not stated in checked sources | Ideology not classified; affiliation does not establish the views of attendees or performers. Free food, free drinks and young-professional offers are unverified unless labelled."
"regional-2026-10-30-susan-coleman-supper","Supper Club – Cllr Susan Coleman","South Shropshire Conservatives","2026-10-30","2026-10-30T19:30:00+00:00","2026-10-30T18:30:00+00:00","","Unknown","Europe/London","in_person","The Down Inn","The Down Inn, Bridgnorth WV16 6UA","Bridgnorth","England","£28 per person","Not separately stated; final checkout total not verified","Not stated","Not stated","Publicly advertised no membership rule stated","Official booking form displays an unselected October Supper product at £28","Not stated in checked sources","Not positively confirmed","Not positively confirmed","Not positively confirmed","https://www.southshropshireconservatives.org.uk/events/supper-club-october","https://pci.jotform.com/form/262632918149060","https://www.southshropshireconservatives.org.uk/events/supper-club-october | https://www.southshropshireconservatives.org.uk/ | https://pci.jotform.com/form/262632918149060","EH-094","2026-10-06T15:09:31.207957+00:00","Not classified","Page header says 7 for 7.30pm, but detailed prose specifies pre-dinner drinks from 18:30 and supper at 19:30; preserve discrepancy | Two-course supper then speaker; no membership field shown in booking form | No end time or refund terms published | Arrival/doors time: 2026-10-30T18:30:00+00:00; distinct from programme start | Availability: Official booking form displays an unselected October Supper product at £28 | Cancellation/refunds: Not stated in checked sources | Ideology not classified; affiliation does not establish the views of attendees or performers. Free food, free drinks and young-professional offers are unverified unless labelled."
"nc-002-2026-10-30-0d0f5a3a1","Large 90s","Under The Cosh Promotions presents Large 90s.","2026-10-30","2026-10-30T20:45:00+00:00","2026-10-30T19:30:00+00:00","","2026-10-30T23:00:00+00:00","Europe/London","in_person","Lewes Con Club","139 High Street, Lewes, East Sussex BN7 1XS","Lewes","England","Tickets £15 + b/f:  www.seetickets.com/event/large-90s-at-the-con-club/lewes-con-club/3683583","Not stated","Unknown unless explicitly stated in access","Unknown","Members and non-members welcome; check event-specific age restrictions","Advertised; ticket inventory not verified","Check ticket seller; venue does not manage most promoter tickets","Not positively confirmed","Not positively confirmed","Not positively confirmed","https://www.lewesconclub.com/events/large-90s-3/","https://www.seetickets.com/event/large-90s-at-the-con-club/lewes-con-club/3683583","https://www.lewesconclub.com/events/large-90s-3/ | https://www.lewesconclub.com/ | https://www.lewesconclub.com/contact/","NC-002","2026-10-06T15:09:31.207957+00:00","Not classified","DJ support starts when doors open at 19:30; main band 20:45. Main-band start is not the first programme activity. | Arrival/doors time: 2026-10-30T19:30:00+00:00; distinct from programme start | Availability: Advertised; ticket inventory not verified | Cancellation/refunds: Check ticket seller; venue does not manage most promoter tickets | Ideology not classified; affiliation does not establish the views of attendees or performers. Free food, free drinks and young-professional offers are unverified unless labelled."
"eh-014-2026-10-31-d88e9f1c3","Adults Halloween Party with The Fat Penguins","Canvey Island Conservative Club","2026-10-31","TBC","","","2026-10-31T23:45:00+00:00","Europe/London","in_person","Canvey Island Conservative Club","Fielder House, 59 Long Road, Canvey Island SS8 0JA","Canvey Island, Essex","England","Unknown","Not stated","Unknown unless explicitly stated in access","Unknown","Check guest eligibility and booking with club","Advertised; ticket availability not verified","Not stated","Not positively confirmed","Not positively confirmed","Not positively confirmed","https://www.canveyislandconclub.co.uk/356011444","","https://www.canveyislandconclub.co.uk/356011444 | https://impro.usercontent.one/appid/oneComWsb/domain/canveyislandconclub.co.uk/media/canveyislandconclub.co.uk/onewebmedia/Slide246.JPG | https://www.canveyislandconclub.co.uk/356011422 | https://impro.usercontent.one/appid/oneComWsb/domain/canveyislandconclub.co.uk/media/canveyislandconclub.co.uk/onewebmedia/image4.jpeg","EH-014","2026-10-06T15:09:31.207957+00:00","Not classified","Poster displayed in official October 2026 programme. Ticket inventory not checked. | Halloween party poster says from 20:30; band schedule says 20:45–23:45. Allow for 20:30 arrival. | Two posters in official October 2026 gallery conflict: Halloween party from 20:30; Fat Penguins performance 20:45–23:45. Earlier time is not explicitly doors. | Availability: Advertised; ticket availability not verified | Cancellation/refunds: Not stated | Price and any booking fees are unknown | Ideology not classified; affiliation does not establish the views of attendees or performers. Free food, free drinks and young-professional offers are unverified unless labelled."
"eh-030-2026-10-31-4e8ffe168","Race Night","Ross-on-Wye Conservative Club","2026-10-31","TBC","","","Unknown","Europe/London","in_person","Ross-on-Wye Conservative Club","Hillsborough House, The Avenue, Ross-on-Wye HR9 5AW","Ross-on-Wye, Herefordshire","England","Unknown","Not stated","Unknown unless explicitly stated in access","Unknown","Check club for admission and guest rules","Advertised; ticket availability not verified","Not stated","Not positively confirmed","Not positively confirmed","Not positively confirmed","https://www.rossconclub.co.uk/ross-con-club-calendar/","","https://www.rossconclub.co.uk/ross-con-club-calendar/","EH-030","2026-10-06T15:09:31.207957+00:00","Not classified","Official calendar gives dates only; event start/end and price require confirmation. | Availability: Advertised; ticket availability not verified | Cancellation/refunds: Not stated | Price and any booking fees are unknown | Ideology not classified; affiliation does not establish the views of attendees or performers. Free food, free drinks and young-professional offers are unverified unless labelled."
"eh-011-2026-10-31-c6f5ce4fc","Children’s Halloween Party","Benfleet Conservative Club","2026-10-31","2026-10-31T14:00:00+00:00","2026-10-31T12:00:00+00:00","","2026-10-31T16:00:00+00:00","Europe/London","in_person","Benfleet Conservative Club","69 High Street, South Benfleet, Essex SS7 1NA","Benfleet, Essex","England","£15 per child including buffet","Not stated","Unknown unless explicitly stated in access","Unknown","Private club; members and guests should check event access. ACC Inter-Affiliation ticket holders welcomed.","Advertised; ticket availability not verified","Not stated","Not positively confirmed","Not positively confirmed","Not positively confirmed","https://benconclub.com/event/childrens-halloween-party/","","https://benconclub.com/event/childrens-halloween-party/ | https://benconclub.com/events/ | https://benconclub.com/wp-content/uploads/2026/09/halloween.jpg | https://benconclub.com/contact-us/","EH-011","2026-10-06T15:09:31.207957+00:00","Not classified","Calendar window starts at noon; event poster specifies buffet 13:00 and entertainment 14:00–16:00. Booking via club bar. | Arrival/doors time: 2026-10-31T12:00:00+00:00; distinct from programme start | Availability: Advertised; ticket availability not verified | Cancellation/refunds: Not stated | Ideology not classified; affiliation does not establish the views of attendees or performers. Free food, free drinks and young-professional offers are unverified unless labelled."
"eh-014-2026-10-31-7245162cc","Kids Halloween Party","Canvey Island Conservative Club","2026-10-31","2026-10-31T14:00:00+00:00","","","2026-10-31T16:00:00+00:00","Europe/London","in_person","Canvey Island Conservative Club","Fielder House, 59 Long Road, Canvey Island SS8 0JA","Canvey Island, Essex","England","£5 per child","Not stated","Unknown unless explicitly stated in access","Unknown","Children; adult/guest rules not specified","Advertised; ticket availability not verified","Not stated","Not positively confirmed","Not positively confirmed","Not positively confirmed","https://www.canveyislandconclub.co.uk/356011444","","https://www.canveyislandconclub.co.uk/356011444 | https://impro.usercontent.one/appid/oneComWsb/domain/canveyislandconclub.co.uk/media/canveyislandconclub.co.uk/onewebmedia/image3%20(1).jpeg | https://www.canveyislandconclub.co.uk/356011422","EH-014","2026-10-06T15:09:31.207957+00:00","Not classified","Poster displayed in official October 2026 programme. Ticket inventory not checked. | Availability: Advertised; ticket availability not verified | Cancellation/refunds: Not stated | Ideology not classified; affiliation does not establish the views of attendees or performers. Free food, free drinks and young-professional offers are unverified unless labelled."
"eh-025-2026-10-31-0693802c3","Children’s Halloween Party","Lostock Hall Conservative Club","2026-10-31","2026-10-31T14:00:00+00:00","","","2026-10-31T16:00:00+00:00","Europe/London","in_person","Lostock Hall Conservative Club","Brownedge Road, Lostock Hall, Preston PR5 5AA","Lostock Hall, Preston","England","£5 per ticket","Additional booking fee not established","Unknown unless explicitly stated in access","Unknown","Age range and guest eligibility not stated; check organiser","Advertised in official seller snapshot at 15:01 UTC on 6 October 2026; live inventory not independently reconfirmed","No refunds or exchanges for attendee cancellation. Seller policy provides refunds for organiser cancellation and optional refunds after date/venue changes.","Not positively confirmed","Not positively confirmed","Not positively confirmed","https://www.ticketsource.com/lhcc44/children-s-halloween-party/e-vgzmgo","https://www.ticketsource.com/lhcc44/children-s-halloween-party/e-vgzmgo","https://www.ticketsource.com/lhcc44/children-s-halloween-party/e-vgzmgo | https://www.ticketsource.co.uk/lhcc44 | https://www.ticketsource.com/booking/init/GFFJDIF | https://lostockhallconservativeclub.co.uk/","EH-025","2026-10-06T15:12:13.966179+00:00","Not classified","Ticket count is a snapshot and may change. No booking or purchase made. | Seller page freshness check was blocked; recorded ticket counts are earlier snapshots, not guaranteed current availability. | Availability: Advertised in official seller snapshot at 15:01 UTC on 6 October 2026; live inventory not independently reconfirmed | Cancellation/refunds: No refunds or exchanges for attendee cancellation. Seller policy provides refunds for organiser cancellation and optional refunds after date/venue changes. | Ideology not classified; affiliation does not establish the views of attendees or performers. Free food, free drinks and young-professional offers are unverified unless labelled."
"eh-011-2026-10-31-bf99768a1","Quiz Night","Benfleet Conservative Club","2026-10-31","2026-10-31T19:30:00+00:00","","","2026-10-31T23:00:00+00:00","Europe/London","in_person","Benfleet Conservative Club","69 High Street, South Benfleet, Essex SS7 1NA","Benfleet, Essex","England","Unknown","Not stated","Unknown unless explicitly stated in access","Unknown","Private club; members and guests should check event access. ACC Inter-Affiliation ticket holders welcomed.","Advertised; ticket availability not verified","Not stated","Not positively confirmed","Not positively confirmed","Not positively confirmed","https://benconclub.com/event/quiz-night-8/","","https://benconclub.com/event/quiz-night-8/ | https://benconclub.com/events/ | https://benconclub.com/contact-us/","EH-011","2026-10-06T15:09:31.207957+00:00","Not classified","No event ticket price or availability stated. Calendar date and times confirmed on linked event page. | Availability: Advertised; ticket availability not verified | Cancellation/refunds: Not stated | Price and any booking fees are unknown | Ideology not classified; affiliation does not establish the views of attendees or performers. Free food, free drinks and young-professional offers are unverified unless labelled."
"eh-025-2026-10-31-2ac12faa8","Halloween Hoedown","Lostock Hall Conservative Club","2026-10-31","2026-10-31T19:30:00+00:00","","","Unknown","Europe/London","in_person","Lostock Hall Conservative Club","Brownedge Road, Lostock Hall, Preston PR5 5AA","Lostock Hall, Preston","England","£10 per ticket","Additional booking fee not established","Unknown unless explicitly stated in access","Unknown","Age range and guest eligibility not stated; check organiser","Advertised in official seller snapshot at 15:01 UTC on 6 October 2026; live inventory not independently reconfirmed","No refunds or exchanges for attendee cancellation. Seller policy provides refunds for organiser cancellation and optional refunds after date/venue changes.","Not positively confirmed","Not positively confirmed","Not positively confirmed","https://www.ticketsource.com/lhcc44/halloween-hoedown/e-qrmrqj","https://www.ticketsource.com/lhcc44/halloween-hoedown/e-qrmrqj","https://www.ticketsource.com/lhcc44/halloween-hoedown/e-qrmrqj | https://www.ticketsource.co.uk/lhcc44 | https://www.ticketsource.com/booking/init/GFGDILD | https://lostockhallconservativeclub.co.uk/","EH-025","2026-10-06T15:12:13.966179+00:00","Not classified","Ticket count is a snapshot and may change. No booking or purchase made. | Seller page freshness check was blocked; recorded ticket counts are earlier snapshots, not guaranteed current availability. | Availability: Advertised in official seller snapshot at 15:01 UTC on 6 October 2026; live inventory not independently reconfirmed | Cancellation/refunds: No refunds or exchanges for attendee cancellation. Seller policy provides refunds for organiser cancellation and optional refunds after date/venue changes. | Ideology not classified; affiliation does not establish the views of attendees or performers. Free food, free drinks and young-professional offers are unverified unless labelled."
"eh-017-2026-10-31-e410b808a","Bingo","Tony Fenn & Jim Moulson","2026-10-31","2026-10-31T20:00:00+00:00","","","2026-10-31T22:30:00+00:00","Europe/London","in_person","Court Barn Conservative Club, Lounge Bar","Court Barn Lane, Broom Way, Lee-on-the-Solent PO13 9NZ","Lee-on-the-Solent, Hampshire","England","Unknown","Not stated","Unknown unless explicitly stated in access","Unknown","Club event; guest eligibility and admission cost not stated","Advertised; ticket availability not verified","Not stated","Not positively confirmed","Not positively confirmed","Not positively confirmed","https://courtbarn.co.uk/event/bingo-4/","","https://courtbarn.co.uk/event/bingo-4/ | https://courtbarn.co.uk/events/","EH-017","2026-10-06T15:09:31.207957+00:00","Not classified","Availability: Advertised; ticket availability not verified | Cancellation/refunds: Not stated | Price and any booking fees are unknown | Ideology not classified; affiliation does not establish the views of attendees or performers. Free food, free drinks and young-professional offers are unverified unless labelled."
"eh-032-2026-10-31-eb05f0150","Halloween Fancy Dress Disco!","Sandy Conservative Club","2026-10-31","2026-10-31T20:30:00+00:00","","","Unknown","Europe/London","in_person","Sandy Conservative Club","","Sandy, Bedfordshire","England","Unknown","Not stated","Unknown unless explicitly stated in access","Unknown","Club event; guest eligibility not stated","Advertised; ticket availability not verified","Not stated","Not positively confirmed","Not positively confirmed","Not positively confirmed","https://www.sandyconservativeclub.org.uk/events.html_275104.html","","https://www.sandyconservativeclub.org.uk/events.html_275104.html | https://www.sandyconservativeclub.org.uk/events.html","EH-032","2026-10-06T15:09:31.207957+00:00","Not classified","Availability: Advertised; ticket availability not verified | Cancellation/refunds: Not stated | Price and any booking fees are unknown | Ideology not classified; affiliation does not establish the views of attendees or performers. Free food, free drinks and young-professional offers are unverified unless labelled."
"eh-016-2026-10-31-47597df9e","T Kay","Cheadle Hulme Conservative Club","2026-10-31","2026-10-31T20:45:00+00:00","","","Unknown","Europe/London","in_person","Cheadle Hulme Conservative Club","Mellor Road, Cheadle Hulme SK8 5AT","Cheadle Hulme, Greater Manchester","England","Unknown","Not stated","Unknown unless explicitly stated in access","Unknown","Check membership and guest eligibility with organiser","Advertised; ticket availability not verified","Not stated","Not positively confirmed","Not positively confirmed","Not positively confirmed","https://www.cheadlehulmeconclub.org.uk/calendarofevents.html","","https://www.cheadlehulmeconclub.org.uk/calendarofevents.html | https://www.cheadlehulmeconclub.org.uk/whatshappening.html","EH-016","2026-10-06T15:09:31.207957+00:00","Not classified","Club warns that dates may change without notice. | Availability: Advertised; ticket availability not verified | Cancellation/refunds: Not stated | Price and any booking fees are unknown | Ideology not classified; affiliation does not establish the views of attendees or performers. Free food, free drinks and young-professional offers are unverified unless labelled."
"B1-89f8327e9303","Free Speech Nation – studio audience","GB News","2026-11-01","TBC","2026-11-01T18:15:00+00:00","","Unknown","Europe/London","in_person","Studio adjacent to Paddington Station","London; precise venue on ticket","","","Free","Unknown unless explicitly stated in price","Unknown unless explicitly stated in access","Unknown","18+; apply for up to four tickets; randomly allocated; photo ID may be requested; ticket does not guarantee admission","Unknown; current ticket availability not verified","Unknown; no refund or cancellation policy verified","Not positively confirmed","Not positively confirmed","Not positively confirmed","https://www.sroaudiences.com/application.asp?show_id=460","https://www.sroaudiences.com/application.asp?show_id=460","https://www.sroaudiences.com/application.asp?show_id=460","EH-130","2026-10-06T14:52:23.078773+00:00","Not classified","Only authorised SRO ticketing source verified; all nine dates explicitly listed | Doors time is not programme start; start left TBC | Applications may be waitlisted; exact inventory not shown | Arrival/doors time: 2026-11-01T18:15:00+00:00; distinct from programme start | Availability: Unknown; current ticket availability not verified | Cancellation/refunds: Unknown; no refund or cancellation policy verified | Ideology not classified; affiliation does not establish the views of attendees or performers. Free food, free drinks and young-professional offers are unverified unless labelled."
"regional-2026-11-01-skeffington-garden-party","Annual Skeffington Garden Party","Rutland & Stamford Conservative Association","2026-11-01","TBC","","","Unknown","Europe/London","in_person","Skeffington area; address sent to registered guests 24 hours beforehand","","Skeffington","England","Unknown","Not separately stated; final checkout total not verified","Not stated","Not stated","Interested nonmembers explicitly welcome","Advertised; live capacity not confirmed","Not stated in checked sources","Not positively confirmed","Not positively confirmed","Not positively confirmed","https://www.rutlandstamfordconservatives.com/events/annual-skeffington-garden-party","https://www.rutlandstamfordconservatives.com/events/annual-skeffington-garden-party","https://www.rutlandstamfordconservatives.com/events/annual-skeffington-garden-party | https://www.rutlandstamfordconservatives.com/events | https://www.rutlandstamfordconservatives.com/events/rutland-stamford-conservatives-garden-party","EH-089","2026-10-06T15:09:31.207957+00:00","Not classified","Official detail page publishes 1 November, despite garden-party name; no annual-date inference | Omitted from a more recent search-index view of the calendar; no cancellation notice verified, so reconfirm before upload | Booking procedure and price not established | Two official garden-party pages for 1 November 2026 give 14:00 and 15:00. Start time withheld until organiser confirmation. | Availability: Advertised; live capacity not confirmed | Cancellation/refunds: Not stated in checked sources | Price and any booking fees are unknown | Ideology not classified; affiliation does not establish the views of attendees or performers. Free food, free drinks and young-professional offers are unverified unless labelled."
"eh-220-2026-11-01-946db564f","Renoir and Love: Trip to the National Gallery","UCL Conservative Society","2026-11-01","2026-11-01T13:30:00+00:00","","","2026-11-01T16:30:00+00:00","Europe/London","in_person","National Gallery; group meeting point TBC","","London","England","Free event ticket","No ticket fee stated","Unknown unless explicitly stated in access","Unknown","Open to all UCL students; no society membership required; booking login required","Advertised; ticket availability not verified","Not stated","Not positively confirmed","Not positively confirmed","Not positively confirmed","https://studentsunionucl.org/whats-on/events-activities/renoir-and-love-trip-to-national-gallery?v=96754","https://studentsunionucl.org/whats-on/events-activities/renoir-and-love-trip-to-national-gallery?v=96754","https://studentsunionucl.org/whats-on/events-activities/renoir-and-love-trip-to-national-gallery?v=96754 | https://studentsunionucl.org/clubs-societies/conservative-society","EH-220","2026-10-06T15:09:31.207957+00:00","Not classified","Meeting point remains placeholder [Bloomsbury meeting point]; confirm before travel. Limited places; cancel ticket if unable to attend. | Availability: Advertised; ticket availability not verified | Cancellation/refunds: Not stated | Ideology not classified; affiliation does not establish the views of attendees or performers. Free food, free drinks and young-professional offers are unverified unless labelled."
"eh-011-2026-11-01-a572c1f8d","The Long Run","Benfleet Conservative Club","2026-11-01","2026-11-01T14:30:00+00:00","","","2026-11-01T16:30:00+00:00","Europe/London","in_person","Benfleet Conservative Club","69 High Street, South Benfleet, Essex SS7 1NA","Benfleet, Essex","England","Unknown","Not stated","Unknown unless explicitly stated in access","Unknown","Private club; members and guests should check event access. ACC Inter-Affiliation ticket holders welcomed.","Advertised; ticket availability not verified","Not stated","Not positively confirmed","Not positively confirmed","Not positively confirmed","https://benconclub.com/event/the-long-run/","","https://benconclub.com/event/the-long-run/ | https://benconclub.com/events/ | https://benconclub.com/contact-us/","EH-011","2026-10-06T15:09:31.207957+00:00","Not classified","No event ticket price or availability stated. Calendar date and times confirmed on linked event page. | Availability: Advertised; ticket availability not verified | Cancellation/refunds: Not stated | Price and any booking fees are unknown | Ideology not classified; affiliation does not establish the views of attendees or performers. Free food, free drinks and young-professional offers are unverified unless labelled."
"eh-014-2026-11-01-5d2a9b406","Alan Wilcox","Canvey Island Conservative Club","2026-11-01","2026-11-01T15:00:00+00:00","","","2026-11-01T18:00:00+00:00","Europe/London","in_person","Canvey Island Conservative Club","Fielder House, 59 Long Road, Canvey Island SS8 0JA","Canvey Island, Essex","England","Unknown","Not stated","Unknown unless explicitly stated in access","Unknown","Check guest eligibility and booking with club","Advertised; ticket availability not verified","Not stated","Not positively confirmed","Not positively confirmed","Not positively confirmed","https://www.canveyislandconclub.co.uk/356011444","","https://www.canveyislandconclub.co.uk/356011444 | https://impro.usercontent.one/appid/oneComWsb/domain/canveyislandconclub.co.uk/media/canveyislandconclub.co.uk/onewebmedia/1st%20Nov.jpg | https://www.canveyislandconclub.co.uk/356011422","EH-014","2026-10-06T15:09:31.207957+00:00","Not classified","Poster displayed in official November 2026 programme. Ticket inventory not checked. | Availability: Advertised; ticket availability not verified | Cancellation/refunds: Not stated | Price and any booking fees are unknown | Ideology not classified; affiliation does not establish the views of attendees or performers. Free food, free drinks and young-professional offers are unverified unless labelled."
"eh-020-2026-11-01-25e84119d","Club Bingo","Fairwater Conservative Club","2026-11-01","2026-11-01T19:30:00+00:00","","","Unknown","Europe/London","in_person","Fairwater Conservative Club","61 Ely Road, Llandaff, Cardiff CF5 2BY","Cardiff","Wales","Unknown","Not stated","Unknown unless explicitly stated in access","Unknown","Members and guests only","Advertised; ticket availability not verified","Not stated","Not positively confirmed","Not positively confirmed","Not positively confirmed","https://www.fairwatercons.co.uk/copy-of-club-events","","https://www.fairwatercons.co.uk/copy-of-club-events | https://www.fairwatercons.co.uk/","EH-020","2026-10-06T15:09:31.207957+00:00","Not classified","Each occurrence is explicitly dated in the official 2026 calendar. | Availability: Advertised; ticket availability not verified | Cancellation/refunds: Not stated | Price and any booking fees are unknown | Ideology not classified; affiliation does not establish the views of attendees or performers. Free food, free drinks and young-professional offers are unverified unless labelled."
"eh-016-2026-11-01-72b4031b5","Dance Night","Cheadle Hulme Conservative Club","2026-11-01","2026-11-01T20:00:00+00:00","","","Unknown","Europe/London","in_person","Cheadle Hulme Conservative Club","Mellor Road, Cheadle Hulme SK8 5AT","Cheadle Hulme, Greater Manchester","England","£5 on the door","Not stated","Unknown unless explicitly stated in access","Unknown","Check membership and guest eligibility with organiser","Advertised; ticket availability not verified","Not stated","Not positively confirmed","Not positively confirmed","Not positively confirmed","https://www.cheadlehulmeconclub.org.uk/calendarofevents.html","","https://www.cheadlehulmeconclub.org.uk/calendarofevents.html | https://www.cheadlehulmeconclub.org.uk/whatshappening.html","EH-016","2026-10-06T15:09:31.207957+00:00","Not classified","Club warns that dates may change without notice. | Availability: Advertised; ticket availability not verified | Cancellation/refunds: Not stated | Ideology not classified; affiliation does not establish the views of attendees or performers. Free food, free drinks and young-professional offers are unverified unless labelled."
"eh-027-2026-11-02-62233cc90","Age UK Mondays Fitness Over 50s","North Enfield Conservative Club","2026-11-02","TBC","","","2026-11-02T10:45:00+00:00","Europe/London","in_person","North Enfield Social Club, Main Hall","278 Baker Street, Enfield EN1 3LD","Enfield, London","England","Unknown","Not stated","Unknown unless explicitly stated in access","Unknown","Over 50s fitness class; booking/access conditions not stated","Advertised; ticket availability not verified","Not stated","Not positively confirmed","Not positively confirmed","Not positively confirmed","https://neccenfieldnorth.co.uk/events.php","","https://neccenfieldnorth.co.uk/events.php | https://neccenfieldnorth.co.uk/ | https://neccenfieldnorth.co.uk/contact.php","EH-027","2026-10-06T15:09:31.207957+00:00","Not classified","Public calendar time may include doors/opening; separate programme start not stated. | Published calendar time: 2026-11-02T09:45:00+00:00; programme start is TBC | Availability: Advertised; ticket availability not verified | Cancellation/refunds: Not stated | Price and any booking fees are unknown | Ideology not classified; affiliation does not establish the views of attendees or performers. Free food, free drinks and young-professional offers are unverified unless labelled."
"B1-23dfaf9496e3","A Doctrine for Government","Policy Exchange","2026-11-02","2026-11-02T12:30:00+00:00","","","2026-11-02T13:30:00+00:00","Europe/London","in_person","Central London location","Precise venue not published","","","Unknown","Unknown unless explicitly stated in price","Unknown unless explicitly stated in access","Unknown","Apply for an in-person place; confirmation required; capacity limited for security","In-person applications advertised; confirmation required and capacity limited","Unknown; no refund or cancellation policy verified","Not positively confirmed","Not positively confirmed","Not positively confirmed","https://policyexchange.org.uk/events/a-doctrine-for-government/","https://policyexchange.org.uk/all-events-2/a-doctrine-for-government","https://policyexchange.org.uk/events/a-doctrine-for-government/ | https://policyexchange.org.uk/all-events-2/ | https://policyexchange.org.uk/all-events-2/a-doctrine-for-government | https://us02web.zoom.us/webinar/register/WN_sf7PHZFnTBewCTZdbLXhFA","EH-199","2026-10-06T14:56:00.452369+00:00","Not classified","Official detail now exposes a Zoom webinar link, but destination has no event-specific readable content. Retain in-person format; do not assert confirmed online access. Exact Central London venue supplied privately; cost, age, fees and refund terms unknown. Free food, free drinks and young-professional offers are unverified unless labelled."
"LUC-bf6608be9065","How sustainable (or unsustainable) is China's miracle growth since Deng's reforms?","SOAS University of London","2026-11-02","2026-11-02T17:30:00+00:00","","","2026-11-02T19:00:00+00:00","Europe/London","in_person","RG01, SOAS Main Building","10 Thornhaugh Street, Russell Square, London WC1H 0XG","","","Free","","","","Public registration; booking required","","","Not positively confirmed","Not positively confirmed","Not positively confirmed","https://www.soas.ac.uk/about/event/how-sustainable-or-unsustainable-chinas-miracle-growth-dengs-reforms","https://forms.cloud.microsoft/Pages/ResponsePage.aspx?id=odBNZ2Kux0Kjn2nuGZU3qFEUObKn-zBLsyXnuI_VjBVUMVkxUENBTTZOTjRKVVRYQVlXMFc4NThHVC4u","https://www.soas.ac.uk/about/event/how-sustainable-or-unsustainable-chinas-miracle-growth-dengs-reforms","","2026-10-06T21:15:10.773318+00:00","nonpartisan","Free food, free drinks and young-professional offers are unverified unless labelled."
"LUE-cda0da828aba","Governing growth: the postwar transformations of capitalism and democracy","London School of Economics and Political Science (LSE)","2026-11-02","2026-11-02T18:30:00+00:00","","","2026-11-02T20:00:00+00:00","Europe/London","hybrid","LSE campus, venue tbc to ticketholders","","","","Unknown","","","","Public event; advance registration required","","","Not positively confirmed","Not positively confirmed","Not positively confirmed","https://www.lse.ac.uk/events/governing-growth","https://lse360.my.site.com/events/s/event-signup?eId=a0iSq0000059Nk5IAE","https://www.lse.ac.uk/events/governing-growth | https://www.lse.ac.uk/Events","","2026-10-06T21:08:44.311070+00:00","nonpartisan","Exact campus venue will be confirmed to ticket holders. Do not infer free pricing from the LSE programme: official FAQ says the vast majority of events are free, not all. Event-specific price was not verified. Exact LSE360 registration link is verified, but its live page returned a JavaScript/CSS error to read-only fetching; inventory not verified Cost detail: Not stated in the accessible event/booking source Online attendance: https://lselive.eckoenterprise.net/events/20261102/welcome. Free food, free drinks and young-professional offers are unverified unless labelled."
"eh-017-2026-11-02-0b7da8767","Whist","Sheila Ventham","2026-11-02","2026-11-02T19:30:00+00:00","","","2026-11-02T21:30:00+00:00","Europe/London","in_person","Court Barn Conservative Club, Lounge Bar","Court Barn Lane, Broom Way, Lee-on-the-Solent PO13 9NZ","Lee-on-the-Solent, Hampshire","England","Unknown","Not stated","Unknown unless explicitly stated in access","Unknown","Club event; guest eligibility and admission cost not stated","Advertised; ticket availability not verified","Not stated","Not positively confirmed","Not positively confirmed","Not positively confirmed","https://courtbarn.co.uk/event/whist-2-november-2026/","","https://courtbarn.co.uk/event/whist-2-november-2026/ | https://courtbarn.co.uk/events/","EH-017","2026-10-06T15:09:31.207957+00:00","Not classified","Availability: Advertised; ticket availability not verified | Cancellation/refunds: Not stated | Price and any booking fees are unknown | Ideology not classified; affiliation does not establish the views of attendees or performers. Free food, free drinks and young-professional offers are unverified unless labelled."
"B1-fce6ecb87af8","The Next Generation with Michael Simmons","Adam Smith Institute","2026-11-03","TBC","2026-11-03T18:00:00+00:00","","2026-11-03T21:00:00+00:00","Europe/London","in_person","Adam Smith Institute","23 Great Smith Street, London SW1P 3DJ","","","Free","Unknown unless explicitly stated in price","Unknown unless explicitly stated in access","Unknown","Exclusively under-35 s; registration; waiting list if capacity reached; registration subject to host approval","Request to join; host approval required","Unknown; no refund or cancellation policy verified","Not positively confirmed","Source-confirmed offer","Not positively confirmed","https://www.adamsmith.org/events/the-next-generation-with-michael-simmons","https://luma.com/ph85qsqm","https://www.adamsmith.org/events/the-next-generation-with-michael-simmons | https://www.adamsmith.org/events/ | https://luma.com/ph85qsqm","EH-190","2026-10-06T14:56:00.452369+00:00","Not classified","Calendar starts at 18:00 but body identifies this as doors; talk start not published | Refreshments/drinks explicitly advertised | Arrival/doors time: 2026-11-03T18:00:00+00:00; distinct from programme start | Availability: Request to join; host approval required | Cancellation/refunds: Unknown; no refund or cancellation policy verified | Ideology not classified; affiliation does not establish the views of attendees or performers. Free food, free drinks and young-professional offers are unverified unless labelled."
"university-rli-asylum-standards-2026-11-03","“Minimum Legal Standards for Asylum Procedures” New RLI Declaration on International Protection - Launch Event","University of London / School of Advanced Study","2026-11-03","2026-11-03T17:00:00+00:00","","","2026-11-03T18:00:00+00:00","Europe/London","online","Online, UK-hosted","","","","Unknown","Not independently verified","Not stated","","Public and open to all; prior registration required","See access and notes; live inventory not verified","No cancellation or reschedule notice seen in checked source","Not positively confirmed","Not positively confirmed","Not positively confirmed","https://rli.sas.ac.uk/news-events/events/minimum-legal-standards-asylum-procedures-new-rli-declaration-international-protection-launch-event","https://sas.sym-online.com/registrationforms/rli-declaration-launch-2026/","https://rli.sas.ac.uk/news-events/events/minimum-legal-standards-asylum-procedures-new-rli-declaration-international-protection-launch-event","","2026-10-08T13:00:00+00:00","law","Body explicitly describes a virtual/online panel. Header contains the institutional Senate House address; this is not evidence of an in-person attendance option. Booking reaches a cookie/JavaScript check; price and inventory not exposed. Page updated 7 October 2026. Doors time not stated. Free food, free drinks and young-professional offers are unverified unless labelled."
"LUE-ef301286f753","State of the sovereign transition 2026: from national targets to sector signals","London School of Economics and Political Science (LSE)","2026-11-03","2026-11-03T18:30:00+00:00","","","2026-11-03T20:00:00+00:00","Europe/London","hybrid","LSE campus, venue tbc to ticketholders","","","","Unknown","","","","Public event; advance registration required","","","Not positively confirmed","Not positively confirmed","Not positively confirmed","https://www.lse.ac.uk/events/sovereign-transition","https://lse360.my.site.com/events/s/event-signup?eId=a0iSq0000059RsXIAU","https://www.lse.ac.uk/events/sovereign-transition | https://www.lse.ac.uk/Events","","2026-10-06T21:08:44.844228+00:00","nonpartisan","Exact campus venue will be confirmed to ticket holders. Do not infer free pricing from the LSE programme: official FAQ says the vast majority of events are free, not all. Event-specific price was not verified. Exact LSE360 registration link is verified, but its live page returned a JavaScript/CSS error to read-only fetching; inventory not verified Cost detail: Not stated in the accessible event/booking source Online attendance: https://lselive.eckoenterprise.net/events/20261103/login. Free food, free drinks and young-professional offers are unverified unless labelled."
"LUE-8307c8ffce69","2026 Judicial Institute Annual Lecture - What’s in an anniversary?","University College London (UCL)","2026-11-03","2026-11-03T18:30:00+00:00","2026-11-03T18:00:00+00:00","","2026-11-03T20:00:00+00:00","Europe/London","in_person","Kennedy Lecture Theatre, UCL Institute for Child Health","30 Guildford Street, London, WC1N 1EH, United Kingdom","","","Free","","","","Open to All; Ticketed and Pre-booking essential","","","Not positively confirmed","Not positively confirmed","Not positively confirmed","https://www.ucl.ac.uk/laws/events/2026/nov/2026-judicial-institute-annual-lecture-whats-anniversary","https://ucl-judicial-institute-2026-annual-lecture.eventbrite.co.uk","https://www.ucl.ac.uk/laws/events/2026/nov/2026-judicial-institute-annual-lecture-whats-anniversary | https://www.ucl.ac.uk/events/all-events?ucl_audience%5BPublic%5D=Public&0=39&page=9","LUE-UCL","2026-10-06T21:08:02.922310+00:00","law","Registration destination linked by organiser; live ticket availability not independently checked. Calendar end is overall event close; programme end and reception are shown separately Programme ends: 2026-11-03T19:30:00+00:00. Reception starts: 2026-11-03T19:30:00+00:00. Free food, free drinks and young-professional offers are unverified unless labelled."
"B3-2026-11-03-bab8678b83","Gerrards Cross Branch Dinner with Andrew Griffith MP","Gerrards Cross Conservative Branch; Chesham and Amersham Conservatives","2026-11-03","2026-11-03T19:30:00+00:00","2026-11-03T19:00:00+00:00","","Unknown","Europe/London","in_person","Private venue in Gerrards Cross, details TBC","","Gerrards Cross","England","£59.50 standard; £39.50 Young Conservatives; includes two-course meal. Fees not stated.","See price field where verified; otherwise not published/verified","Unknown unless explicitly stated in access","Not published in retrieved event details","Not published; check organiser before booking","Listed; live ticket availability not verified","No cancellation notice found in sources checked; live status remains subject to organiser confirmation","Not positively confirmed","Not positively confirmed","Not positively confirmed","https://www.cheshamandamershamconservatives.co.uk/events/gerrards-cross-branch-dinner-andrew-griffith-mp","https://www.cheshamandamershamconservatives.co.uk/events/gerrards-cross-branch-dinner-andrew-griffith-mp","https://www.cheshamandamershamconservatives.co.uk/events/gerrards-cross-branch-dinner-andrew-griffith-mp | https://www.cheshamandamershamconservatives.co.uk/events | https://www.cheshamandamershamconservatives.co.uk/","EH-056","2026-10-06T15:09:31.207957+00:00","Not classified","Young Conservative age eligibility and exact venue not published in accessible text. | Arrival/doors time: 2026-11-03T19:00:00+00:00; distinct from programme start | Availability: Listed; live ticket availability not verified | Cancellation/refunds: No cancellation notice found in sources checked; live status remains subject to organiser confirmation | Ideology not classified; affiliation does not establish the views of attendees or performers. Free food, free drinks and young-professional offers are unverified unless labelled."
"LUE-7f759d99df1a","Understanding the 2026 US Midterms: A Post-Election Analysis","University College London (UCL)","2026-11-04","2026-11-04T17:00:00+00:00","","","2026-11-04T19:00:00+00:00","Europe/London","in_person","Room 103","51 Gordon Square, London, WC1H 0PN, United Kingdom","","","Free","Not independently verified","Not stated","","Open to All; Pre-booking essential","Registration advertised by organiser; live inventory not verified","No cancellation or reschedule notice seen in checked official source","Not positively confirmed","Not positively confirmed","Not positively confirmed","https://www.ucl.ac.uk/social-historical-sciences/events/2026/nov/understanding-2026-us-midterms-post-election-analysis","https://www.eventbrite.co.uk/e/understanding-the-2026-us-midterms-a-post-election-analysis-tickets-2000995539524","https://www.ucl.ac.uk/social-historical-sciences/events/2026/nov/understanding-2026-us-midterms-post-election-analysis | https://www.ucl.ac.uk/events/all-events?ucl_audience%5BPublic%5D=Public&0=39&page=9","","2026-10-08T13:00:00+00:00","foreign_policy","Registration destination linked by organiser; live ticket availability not independently checked. Doors time not stated. Free food, free drinks and young-professional offers are unverified unless labelled."
"LUE-56cefbce445d","The conservative tradition in sociological thought","London School of Economics and Political Science (LSE)","2026-11-04","2026-11-04T18:30:00+00:00","","","2026-11-04T20:00:00+00:00","Europe/London","hybrid","LSE campus, venue TBC to ticket holders; online attendance also advertised","","","","Unknown; event-specific price not exposed","Not independently verified","Not stated","","Public event; check organiser page for attendance and registration instructions","Registration advertised by organiser; live inventory not verified","No cancellation or reschedule notice seen in checked official source","Not positively confirmed","Not positively confirmed","Not positively confirmed","https://www.lse.ac.uk/events/conservative-tradition-sociological-thought","","https://www.lse.ac.uk/events/conservative-tradition-sociological-thought | https://www.lse.ac.uk/Events","","2026-10-08T13:00:00+00:00","nonpartisan","Direct registration link and live ticket availability were not exposed in the retrieved event page; use the organiser page for booking. Exact campus venue will be confirmed to ticket holders. Doors time not stated. Free food, free drinks and young-professional offers are unverified unless labelled."
"LUC-bcc0764df499","The Conservative Party’s Legacy: Asylum, Migration and Refugee Policy","University of London / School of Advanced Study","2026-11-04","2026-11-04T18:30:00+00:00","","","2026-11-04T19:30:00+00:00","Europe/London","in_person","IALS Lecture Theatre, Institute of Advanced Legal Studies, 17 Russell Square, London WC1B 5DR","IALS Lecture Theatre, Institute of Advanced Legal Studies, 17 Russell Square, London WC1B 5DR","","","Free","Not independently verified","Not stated","","All welcome; advance booking required","Registration advertised by organiser; live inventory not verified","No cancellation or reschedule notice seen in checked official source","Not positively confirmed","Not positively confirmed","Not positively confirmed","https://rli.sas.ac.uk/news-events/events/conservative-partys-legacy-asylum-migration-refugee-policy","https://sas.sym-online.com/registrationforms/rli-seminar-series-4-november/","https://www.sas.ac.uk/news-events/events/conservative-partys-legacy-asylum-migration-refugee-policy | https://rli.sas.ac.uk/news-events/events/conservative-partys-legacy-asylum-migration-refugee-policy","","2026-10-08T13:00:00+00:00","law","Doors time not stated. Free food, free drinks and young-professional offers are unverified unless labelled."
"nc-002-2026-11-04-945d462b2","The Furrow Collective","Love Thy Neighbour","2026-11-04","2026-11-04T19:45:00+00:00","2026-11-04T19:30:00+00:00","","2026-11-04T22:30:00+00:00","Europe/London","in_person","Lewes Con Club","139 High Street, Lewes, East Sussex BN7 1XS","Lewes","England","Unknown","Unknown","Not stated in retrieved event detail","Not verified","Members and non-members welcome; check event-specific age restrictions","Advertised by venue; live ticket inventory not verified","No cancellation notice in retrieved event detail; refund terms unknown","Not positively confirmed","Not positively confirmed","Not positively confirmed","https://www.lewesconclub.com/events/the-furrow-collective/","https://lovethyneighbour.seetickets.com/event/the-furrow-collective/lewes-con-club/3656066","https://www.lewesconclub.com/events/the-furrow-collective/ | https://www.lewesconclub.com/ | https://www.lewesconclub.com/events/ | https://www.lewesconclub.com/contact/","","2026-10-08T12:57:02+00:00","other","Official detail confirms 4 November 2026, doors 19:30, programme starts 19:45, listed end 22:30 GMT; unreserved seating. Price, fees, age limits and live ticket inventory are unknown. Booking page could not be retrieved. Members and non-members welcome under venue policy. Free food, free drinks and young-professional offers are unverified unless labelled."
"B1-604dcd60cbb0","No Agenda Breakfast: ThatRound","The Entrepreneurs Network","2026-11-05","TBC","2026-11-05T08:45:00+00:00","","2026-11-05T10:00:00+00:00","Europe/London","in_person","LABS Hogarth House","136 High Holborn, London WC 1V 6 PX","","","Free","No fee stated; event explicitly free","Unknown","Unknown","Request a place; patrons, advisers and supporters given priority; relevant professional audience","Request to join; host approval required","Unknown; no cancellation/refund policy found","Not positively confirmed","Not positively confirmed","Not positively confirmed","https://www.tenentrepreneurs.org/events/breakfast-thatround","https://luma.com/i6seihpu","https://www.tenentrepreneurs.org/events/breakfast-thatround | https://www.tenentrepreneurs.org/events/ | https://luma.com/event/evt-7Ei3mxMg4ybu72D | https://luma.com/i6seihpu","","2026-10-08T13:02:52.243251+00:00","other","Arrival and coffee/pastries from 08:45. Conversation start not separately published;10:00 finish. Free; places limited. Patrons, advisers and supporters prioritised. No cancellation notice in inspected sources. Free food, free drinks and young-professional offers are unverified unless labelled."
"LUC-60dc6cef8ed1","Just Transitions to a Carbon-Neutral Economy: Employment Challenges Over the Next 25 Years","University of London / School of Advanced Study","2026-11-05","2026-11-05T10:00:00+00:00","2026-11-05T09:30:00+00:00","","2026-11-05T16:00:00+00:00","Europe/London","hybrid","Hybrid | Online-via Zoom & IHR Wolfson Room NB01, Basement, IHR, Senate House, Malet Street, London WC1E 7HU","Hybrid | Online-via Zoom & IHR Wolfson Room NB01, Basement, IHR, Senate House, Malet Street, London WC1E 7HU","","","In-person £30; standard online £10; student/unwaged online free; booking fees not verified","Not independently verified","Not stated","","All welcome; advance booking required","Registration advertised by organiser; live inventory not verified","No cancellation or reschedule notice seen in checked official source","Not positively confirmed","Not positively confirmed","Not positively confirmed","https://www.sas.ac.uk/news-events/events/just-transitions-carbon-neutral-economy-employment-challenges-over-next-25-years","https://sas.sym-online.com/registrationforms/ihrbooking_history_lab482255042660721/","https://www.sas.ac.uk/news-events/events/just-transitions-carbon-neutral-economy-employment-challenges-over-next-25-years","","2026-10-08T13:00:00+00:00","nonpartisan","Registration checkout fees not verified Free food, free drinks and young-professional offers are unverified unless labelled."
"nc-002-2026-11-05-727b987b3","Lewes Bonfire Night 2026: club opening","Lewes Con Club","2026-11-05","2026-11-05T17:00:00+00:00","","","2026-11-05T22:00:00+00:00","Europe/London","in_person","Lewes Con Club","139 High Street, Lewes, East Sussex BN7 1XS","Lewes","England","Unknown","Unknown","Not stated in retrieved event detail","Not verified","All welcome, as stated by club; age restrictions not stated","Club opening advertised; no registration requirement or live capacity stated","No cancellation notice in retrieved detail; other terms not stated","Not positively confirmed","Not positively confirmed","Not positively confirmed","https://www.lewesconclub.com/events/lewes-bonfire-night-2022/","","https://www.lewesconclub.com/events/lewes-bonfire-night-2022/ | https://www.lewesconclub.com/ | https://www.lewesconclub.com/events/ | https://www.lewesconclub.com/contact/","","2026-10-08T12:57:02+00:00","other","Official event body explicitly states club opening from 17:00 until approximately 22:00 GMT on 5 November 2026; all welcome. This listing is the club opening, not a claim that the club organises the town procession or a fireworks display. Admission charge, booking requirement, age rules and cancellation terms are not stated. Free food, free drinks and young-professional offers are unverified unless labelled."
"london-rh-ai-education-2026-11-05","Age of AI: AI and the needs of education","Royal Holloway, University of London","2026-11-05","2026-11-05T18:00:00+00:00","","","Unknown","Europe/London","in_person","Stewart House","32 Russell Square, London WC1B 5DN","","","Free","Not independently verified","Not stated","","Public lecture; advance booking essential","Registration advertised by organiser; live inventory not verified","No cancellation or reschedule notice seen in checked official source","Not positively confirmed","Not positively confirmed","Not positively confirmed","https://www.royalholloway.ac.uk/about-us/events/age-of-ai-ai-and-the-needs-of-education/","https://www.eventbrite.co.uk/e/age-of-ai-ai-and-the-needs-of-education-tickets-2002626789637?aff=oddtdtcreator","https://www.royalholloway.ac.uk/about-us/events/age-of-ai-ai-and-the-needs-of-education | https://www.royalholloway.ac.uk/about-us/events/ | https://www.royalholloway.ac.uk/about-us/events/?page=2","","2026-10-08T13:00:00+00:00","nonpartisan","End time not stated; omitted Eventbrite booking availability not verified Doors time not stated. Free food, free drinks and young-professional offers are unverified unless labelled."
"LUE-bb33335a4f6e","Policy & practice seminar: Reimagining the future of Global Majority Giving","University College London (UCL)","2026-11-05","2026-11-05T18:15:00+00:00","","","2026-11-05T19:30:00+00:00","Europe/London","in_person","LG04","26 Bedford Way, London, WC1H 0AP, United Kingdom","","","Free","Not independently verified","Not stated","","Open to All; Ticketed","Registration advertised by organiser; live inventory not verified","No cancellation or reschedule notice seen in checked official source","Not positively confirmed","Not positively confirmed","Not positively confirmed","https://www.ucl.ac.uk/social-historical-sciences/events/2026/nov/policy-practice-seminar-reimagining-future-global-majority-giving","https://www.eventbrite.co.uk/e/policy-practice-seminar-reimagining-the-future-of-global-majority-giving-tickets-2002218927711?aff=website","https://www.ucl.ac.uk/social-historical-sciences/events/2026/nov/policy-practice-seminar-reimagining-future-global-majority-giving","","2026-10-08T13:00:00+00:00","nonpartisan","Registration destination linked by organiser; live ticket availability not independently checked. Seats are allocated first come, first served; registration does not guarantee a seat. Doors time not stated. Free food, free drinks and young-professional offers are unverified unless labelled."
"LUE-7a4cf786cd9f","Sustainability and behavioural change: a discussion","London School of Economics and Political Science (LSE)","2026-11-05","2026-11-05T18:30:00+00:00","","","2026-11-05T20:00:00+00:00","Europe/London","hybrid","LSE campus, venue TBC to ticket holders; online attendance also advertised","","","","Unknown; event-specific price not exposed","Not independently verified","Not stated","","Public event; check organiser page for attendance and registration instructions","Registration advertised by organiser; live inventory not verified","No cancellation or reschedule notice seen in checked official source","Not positively confirmed","Not positively confirmed","Not positively confirmed","https://www.lse.ac.uk/events/sustainability-behavioural-change","","https://www.lse.ac.uk/events/sustainability-behavioural-change | https://www.lse.ac.uk/Events","","2026-10-08T13:00:00+00:00","nonpartisan","Direct registration link and live ticket availability were not exposed in the retrieved event page; use the organiser page for booking. Exact campus venue will be confirmed to ticket holders. Doors time not stated. Free food, free drinks and young-professional offers are unverified unless labelled."
"eh-220-2026-11-05-e1daae5e3","Bob Blackman MP: In Conversation","UCL Conservative Society","2026-11-05","2026-11-05T18:30:00+00:00","2026-11-05T18:15:00+00:00","","2026-11-05T20:00:00+00:00","Europe/London","in_person","UK venue supplied privately to ticket holders","Not publicly disclosed; emailed to ticket holders","","United Kingdom","Free event ticket","Free ticket; no separate fee stated","Not stated; family-friendly flag is No and is not a specific age limit","Official event detail marks wheelchair accessible: No","Booking login required; exact eligibility/membership restrictions not stated","Book-tickets/login route advertised in indexed official detail; live ticket inventory unverified","Not stated","Not positively confirmed","Not positively confirmed","Not positively confirmed","https://studentsunionucl.org/whats-on/clubs-societies/bob-blackman-mp-in-conversation?v=96822","https://studentsunionucl.org/whats-on/clubs-societies/bob-blackman-mp-in-conversation?v=96822","https://studentsunionucl.org/whats-on/clubs-societies/bob-blackman-mp-in-conversation | https://studentsunionucl.org/whats-on/venue/tbc-will-be-emailed-to-those-with-tickets-privately | https://studentsunionucl.org/clubs-societies/conservative-society","","2026-10-08T13:05:46.462457+00:00","other","Official indexed detail confirms Thursday 5 November 2026,18:30–20:00, doors 18:15. Official venue page explicitly identifies United Kingdom; venue emailed privately. Direct detail retrieval failed, so do not claim live inventory verification. No cancellation notice found. Free food, free drinks and young-professional offers are unverified unless labelled."
"london-iq-ghattas-2026-11-05","America’s Undoing in the Middle East, with Kim Ghattas and Lyse Doucet","Intelligence Squared (UK)","2026-11-05","2026-11-05T19:00:00+00:00","","","2026-11-05T20:30:00+00:00","Europe/London","in_person","Swedenborg House","20–21 Bloomsbury Way, Holborn, London WC1A 2TH","","","Unknown","Not independently verified","Not stated","","Sold out on official organiser page; no ticket availability implied","Sold out","No cancellation or reschedule notice seen in checked source","Not positively confirmed","Not positively confirmed","Not positively confirmed","https://www.intelligencesquared.com/events/americas-undoing-in-the-middle-east-with-kim-ghattas-and-lyse-doucet","","https://www.intelligencesquared.com/events/americas-undoing-in-the-middle-east-with-kim-ghattas-and-lyse-doucet","","2026-10-08T13:00:00+00:00","foreign_policy","Official calendar and event page both mark SOLD OUT. Ticket price, booking fees, doors and age limits not stated. Lyse Doucet is moderator; actual organiser is Intelligence Squared. Doors time not stated. Free food, free drinks and young-professional offers are unverified unless labelled."
"eh-020-2026-11-05-25e84119d","Club Bingo","Fairwater Conservative Club","2026-11-05","2026-11-05T19:30:00+00:00","","","Unknown","Europe/London","in_person","Fairwater Conservative Club","61 Ely Road, Llandaff, Cardiff CF5 2BY","Cardiff","Wales","Unknown","Not stated","Not stated","Unknown","Members and guests only","Advertised in official 2026 calendar; booking requirements and live capacity not stated","No cancellation or rescheduling notice in the calendar checked; refund terms not stated","Not positively confirmed","Not positively confirmed","Not positively confirmed","https://www.fairwatercons.co.uk/copy-of-club-events","","https://www.fairwatercons.co.uk/copy-of-club-events | https://www.fairwatercons.co.uk/","","2026-10-08T13:04:58.212161+00:00","other","Explicit November 2026 date; starts 19:30 GMT. Members and guests only. Price, booking requirements, age limits, end time and refund terms are not stated. No live-capacity assurance. Free food, free drinks and young-professional offers are unverified unless labelled."
